customer_id,Fitness__forecast,Food__forecast,Friend Activities__forecast,Gifts__forecast,Groceries__forecast,Hobbies__forecast,Housing and Utilities__forecast,Medical/Dental__forecast,Personal Hygiene__forecast,Shopping__forecast,Subscriptions__forecast,Transportation__forecast,Travel__forecast,Fitness__avg_txn,Food__avg_txn,Friend Activities__avg_txn,Gifts__avg_txn,Groceries__avg_txn,Hobbies__avg_txn,Housing and Utilities__avg_txn,Medical/Dental__avg_txn,Personal Hygiene__avg_txn,Shopping__avg_txn,Subscriptions__avg_txn,Transportation__avg_txn,Travel__avg_txn,Fitness__n_txn,Food__n_txn,Friend Activities__n_txn,Gifts__n_txn,Groceries__n_txn,Hobbies__n_txn,Housing and Utilities__n_txn,Medical/Dental__n_txn,Personal Hygiene__n_txn,Shopping__n_txn,Subscriptions__n_txn,Transportation__n_txn,Travel__n_txn,Fitness__max30d,Food__max30d,Friend Activities__max30d,Gifts__max30d,Groceries__max30d,Hobbies__max30d,Housing and Utilities__max30d,Medical/Dental__max30d,Personal Hygiene__max30d,Shopping__max30d,Subscriptions__max30d,Transportation__max30d,Travel__max30d,Fitness__velocity,Food__velocity,Friend Activities__velocity,Gifts__velocity,Groceries__velocity,Hobbies__velocity,Housing and Utilities__velocity,Medical/Dental__velocity,Personal Hygiene__velocity,Shopping__velocity,Subscriptions__velocity,Transportation__velocity,Travel__velocity
CUST_0001,804.7,35.06,225.51,157.69,30.14,9.91,33.01,76.36,185.7,283.35,11.61,13.85,711.52,539.36375,26.74125,170.472,84.204,31.355,136.1525,81.8,281.56066666666663,148.89124999999999,494.84,19.207222222222224,203.7325,466.97666666666663,8.0,8.0,10.0,5.0,2.0,4.0,4.0,15.0,8.0,3.0,18.0,4.0,15.0,1802.1599999999999,92.66999999999999,370.92,186.98000000000002,38.17,199.29,122.46,730.11,400.0,1203.2,78.31,342.33,1657.17,1.0,0.5,1.0,1.0,1.0,1.0,1.0,0.8154269972451791,1.0,1.0,1.0,0.5,1.0
CUST_0002,618.5,45.36,152.26,192.39,13.1,84.75,3186.19,49.22,11.54,1082.58,9.06,25.86,322.15,682.1522222222222,45.77,116.434,387.4266666666667,10.8675,140.7785714285714,2348.971304347826,444.4633333333333,10.416666666666666,1778.2283333333332,22.951249999999998,69.62272727272726,493.86857142857144,9.0,6.0,5.0,6.0,12.0,21.0,23.0,6.0,3.0,6.0,8.0,11.0,7.0,2018.52,139.36,342.54999999999995,1022.79,30.63,372.17,10000.0,867.54,11.78,3000.0,73.89,174.66,911.32,1.0,0.5,1.0,0.5,1.0,0.5,2.0,1.0,1.0,0.5,1.0,0.5,1.0
CUST_0003,302.98,160.99,112.28,196.49,25.2,6.03,671.01,16.97,31.69,1876.94,8.55,60.23,495.46,242.772,92.71142857142857,104.945,270.5490909090909,19.235,80.885,1363.9383333333333,460.49,23.993636363636366,1923.3529411764705,10.93142857142857,290.635,601.9372727272727,5.0,7.0,12.0,11.0,12.0,4.0,6.0,2.0,11.0,17.0,7.0,6.0,11.0,841.7,336.97,583.06,872.17,48.54,175.89,4797.33,499.83,54.08,5734.12,13.1,799.75,2000.0,1.0,0.5,1.0,0.5,1.0,0.5,0.5,1.0,1.2975794969150451,2.0,0.5,1.0,0.5
CUST_0004,131.7,207.36,54.59,271.2,13.36,8.72,3332.67,170.91,68.19,877.71,4.28,4.76,27.55,141.17125000000001,214.1057142857143,53.501999999999995,620.2541666666667,9.370000000000001,239.35,2860.44125,500.3052631578947,33.470000000000006,528.8100000000001,11.99,18.774285714285718,21.593333333333334,8.0,7.0,5.0,12.0,7.0,4.0,16.0,19.0,3.0,5.0,1.0,7.0,3.0,531.07,500.0,69.83,2387.8,27.93,359.52,8529.86,1686.09,77.93,1920.29,11.99,55.99,45.14,0.5,2.0,0.5,1.0,1.0,1.0,1.0,0.7242398569142428,0.5,2.0,1.0,1.0,0.5
CUST_0005,422.8,35.19,226.6,77.29,7.59,13.25,0.0,50.63,579.42,418.49,18.88,25.26,538.5,221.0525,30.134000000000004,241.475,67.103,12.726296296296297,249.33,0.0,347.94153846153847,298.5621052631579,1251.953,39.846,280.948,208.038125,8.0,10.0,2.0,10.0,27.0,5.0,0.0,13.0,19.0,10.0,10.0,5.0,16.0,657.68,55.61,295.95,121.06,73.94,635.8199999999999,0.0,952.95,1150.41,4108.64,80.0,687.5,796.97,0.5,0.5,0.5,1.0,0.5,1.0,0.0,1.0,1.0,0.5,1.0,1.0,1.0
CUST_0006,870.26,205.14,225.71,125.65,20.78,3.02,94.39,65.7,12.45,1623.94,4.51,17.14,347.9,947.639090909091,216.245,226.3808333333333,203.78166666666667,22.2275,41.4875,97.25,515.6514285714285,11.274285714285714,1632.7664285714286,10.305,168.96666666666667,337.76,11.0,2.0,12.0,18.0,8.0,4.0,6.0,7.0,7.0,14.0,10.0,12.0,3.0,2500.0,248.23,730.88,1490.12,65.95,46.9,168.5,659.06,26.439999999999998,3559.16,25.48,800.0,760.14,0.5,1.0,1.0,1.0,2.0,1.0,1.0,0.5,1.0,1.0,0.5,0.5,1.0
CUST_0007,322.16,54.72,277.73,149.55,19.79,89.42,1046.96,37.97,11.1,152.82,15.87,12.71,185.3,231.41833333333332,57.48,243.95000000000002,387.2494736842105,9.811428571428573,166.45533333333333,1125.989,346.465,11.886,2596.9514285714286,40.589999999999996,122.47307692307693,387.7478571428572,12.0,4.0,4.0,19.0,7.0,15.0,10.0,6.0,5.0,7.0,3.0,13.0,14.0,650.84,92.74,369.0,1714.3600000000001,21.3,618.6800000000001,4037.48,619.09,14.46,3000.0,43.6,477.39,1631.54,1.0,1.0,1.0,0.5,0.5,0.5,1.0,1.0,1.0,1.0,1.0,1.0,0.5
CUST_0008,86.59,71.65,0.0,362.86,63.15,20.0,325.91,75.25,396.87,2238.48,0.0,22.42,415.89,85.8125,68.304,0.0,416.55052631578945,22.926521739130436,57.14333333333334,581.3,243.60117647058826,208.20076923076925,2326.705,0.0,229.93500000000003,309.58166666666665,4.0,5.0,0.0,19.0,23.0,12.0,15.0,17.0,13.0,10.0,0.0,6.0,6.0,103.61,209.55,0.0,1072.01,114.95,181.2,2949.81,799.38,400.0,6000.0,0.0,388.29,1218.5,1.0,1.0,0.0,0.5,2.0,0.5,1.158248081841432,0.5,0.5,1.0,0.0,1.0,1.0
CUST_0009,453.18,43.69,23.9,157.02,19.71,15.66,116.51,98.59,248.54,444.21,5.4,1.16,53.57,323.8118181818182,51.6025,22.098000000000003,234.30529411764707,19.80857142857143,121.37714285714286,123.55250000000001,484.3027272727273,190.05499999999998,2218.7616666666668,13.14,7.36,52.96333333333333,11.0,8.0,5.0,17.0,7.0,7.0,12.0,11.0,12.0,18.0,6.0,7.0,3.0,1145.99,162.76000000000002,45.86,791.65,24.02,272.54,323.61,911.29,401.15000000000003,6000.0,19.63,9.21,88.16,1.0,1.0,0.5,1.0,1.0,0.5,1.0,0.5,1.0,1.0,1.0,1.0,1.0
CUST_0010,212.63,24.27,266.86,177.95,45.35,12.75,328.78,15.62,90.26,1558.68,17.71,15.39,985.28,205.24333333333334,31.28,248.28636363636363,128.45105263157893,17.22533333333333,49.691428571428574,355.45461538461535,283.5733333333333,219.24882352941177,2412.922,31.715,116.48625,430.00615384615384,3.0,4.0,11.0,19.0,15.0,7.0,13.0,3.0,17.0,5.0,12.0,8.0,13.0,323.4,34.91,767.3399999999999,487.83,86.27,94.86,1259.08,407.98,735.75,3000.0,113.72,362.85,1641.47,0.5,0.5,1.0,1.0,0.5,2.0,0.5,1.0,0.5,1.0,1.0,1.0,1.0
CUST_0011,145.98,33.33,188.14,576.66,10.2,4.5,383.66,89.28,179.05,3741.91,4.95,31.89,551.39,244.058,25.72125,189.34666666666666,283.34250000000003,10.22,82.29333333333334,735.5227777777777,394.91499999999996,261.2142857142857,2271.0275,11.638571428571428,208.407,358.47333333333336,15.0,8.0,3.0,16.0,4.0,3.0,18.0,6.0,7.0,8.0,7.0,10.0,3.0,768.78,61.24,313.19,1063.25,13.39,97.24,5000.0,979.26,859.62,3000.0,22.29,873.52,972.5999999999999,0.5,0.5,1.0,1.0,1.0,1.0,0.5,1.0,1.0,1.0,0.564421190320471,0.5,0.5
CUST_0012,563.05,223.72,34.29,97.74,3.94,11.47,59.48,200.57,10.46,1289.09,9.71,16.48,36.72,618.1888888888889,120.73857142857143,34.19,114.91272727272727,5.395,90.99142857142859,126.81375,439.8396,13.645,1747.0077777777778,15.049375,212.20999999999998,31.53076923076923,9.0,7.0,2.0,11.0,4.0,7.0,8.0,25.0,4.0,9.0,16.0,5.0,13.0,1972.65,305.02,35.88,498.4,6.53,152.85,379.32000000000005,1849.22,31.4,6000.0,54.98,771.15,83.06,1.0,1.0,1.0,1.0,1.0,0.5,1.0,0.5,1.0,0.5,1.0,1.0,1.0
CUST_0013,1126.68,46.42,192.05,336.19,9.66,5.25,0.0,295.78,63.92,43.62,11.26,29.35,864.89,530.7215384615384,82.572,179.7411111111111,331.286,9.047142857142857,96.06,0.0,482.98294117647055,217.96,161.51000000000002,24.50888888888889,234.54500000000002,339.13230769230773,13.0,5.0,9.0,10.0,7.0,3.0,0.0,17.0,4.0,6.0,9.0,8.0,13.0,1630.28,234.83,351.56,1088.42,17.53,115.45,0.0,1469.66,322.19,342.04,69.44,736.75,1782.2399999999998,2.0,0.6209601506118606,0.5,1.0,1.0,1.0,0.0,2.0,1.0,1.0,0.5,0.5,1.0
CUST_0014,29.55,122.12,82.31,602.21,42.78,2.89,498.9,82.81,191.55,2299.18,11.68,27.99,136.82,29.55,30.72,72.04400000000001,442.1585714285714,20.653125,157.74,926.6592857142857,411.33363636363634,97.23066666666666,1824.6833333333334,18.35153846153846,91.92888888888889,79.047,1.0,17.0,5.0,7.0,16.0,1.0,14.0,11.0,15.0,18.0,13.0,9.0,10.0,29.55,197.85,167.53,1297.4099999999999,95.99000000000001,157.74,5000.0,872.6,418.78,4155.58,66.0,279.8,290.85,1.0,1.0,1.0,1.0,0.9693251533742332,1.0,1.0,1.0,0.5,1.0,1.0,1.0,0.5
CUST_0015,139.19,14.76,363.68,532.72,8.44,25.92,598.32,75.25,387.83,1597.04,6.66,11.2,107.45,144.65166666666667,19.8425,245.4875,394.255,8.424,85.71529411764706,1168.2826666666667,464.31888888888886,161.10923076923078,2247.8416666666667,14.695714285714287,66.94800000000001,108.43,6.0,4.0,4.0,26.0,5.0,17.0,15.0,9.0,13.0,6.0,7.0,10.0,17.0,232.39,30.42,872.69,1994.3300000000002,10.45,302.05,4383.4,736.15,400.0,3000.0,32.2,99.42,597.22,1.0,0.5,1.0,2.0,1.0,1.0,0.5,1.0,1.0,1.0,1.0,1.0,0.8707684704719546
CUST_0016,444.14,34.22,537.23,710.9,34.13,21.43,27.29,97.49,9.22,1380.21,21.04,13.74,36.16,445.2025,33.17777777777778,249.45,992.4872727272727,33.47411764705882,108.32999999999998,69.69800000000001,444.3766666666666,13.933333333333334,1838.46,19.571428571428573,40.008,36.16,4.0,9.0,15.0,11.0,17.0,11.0,5.0,6.0,9.0,11.0,7.0,10.0,1.0,869.6,78.47,808.9100000000001,1714.62,114.48,500.0,148.19,988.81,41.75,3277.52,54.39,160.77,36.16,1.0,1.0,0.5,0.5,1.0,1.0,0.5,1.0,1.0,1.0,2.0,0.5,1.0
CUST_0017,317.18,85.3,182.07,306.86,12.39,2.61,225.26,40.44,116.09,986.01,4.64,43.22,1225.71,382.9116666666667,75.6825,191.105,320.3807692307692,27.465333333333334,47.70666666666667,578.1777777777778,415.0411111111111,205.36666666666667,2138.04,14.026,112.24416666666666,574.438,12.0,8.0,2.0,13.0,15.0,3.0,9.0,9.0,12.0,3.0,5.0,12.0,15.0,1664.88,224.19,232.82,1154.65,118.91,51.57,2790.64,874.94,800.0,3000.0,19.7,355.89,2233.49,1.0,0.5,1.0,1.0,0.5,1.0,1.0,1.0,2.0,1.0,1.0,2.0,1.0
CUST_0018,474.9,68.45,114.89,1004.12,18.94,24.58,344.74,18.31,80.33,2018.43,16.64,15.97,371.71,310.165,23.748,242.987,638.3979999999999,15.953333333333331,119.11272727272727,999.3833333333333,335.09999999999997,141.50833333333335,1285.945,36.29,475.08000000000004,354.815,8.0,5.0,10.0,5.0,9.0,11.0,3.0,3.0,12.0,6.0,9.0,2.0,10.0,764.45,55.81,816.42,1614.47,52.94,212.51,2177.05,405.15,429.93,3000.0,80.0,497.47,1437.72,1.0,1.0,1.0,0.5,1.0,0.5,1.0,1.0,1.0,1.0,1.0,1.0,0.5
CUST_0019,621.89,41.2,475.14,86.8,35.62,14.18,585.21,53.23,407.35,182.78,9.46,32.36,358.1,520.6933333333333,49.64714285714286,482.3666666666666,176.91799999999998,21.04909090909091,78.914,1375.8366666666668,471.12000000000006,103.21625,2191.4914285714285,33.534000000000006,44.9825,378.805,9.0,14.0,3.0,5.0,11.0,10.0,6.0,6.0,8.0,7.0,5.0,20.0,2.0,1372.8400000000001,173.42,590.93,273.89,77.68,241.71,2525.12,1118.5,400.0,6000.0,69.76,196.92000000000002,430.44,0.5,1.0,1.0,1.0,2.0,1.0,1.0,1.0,1.0,0.5,0.5,2.0,1.0
CUST_0020,449.9,170.1,50.87,33.73,26.81,20.85,26.38,10.53,517.19,194.1,6.18,13.33,62.23,456.17571428571426,132.1818181818182,54.174,58.79999999999999,26.81,71.7975,66.03333333333333,144.4875,249.85352941176473,1917.78,28.187142857142856,83.08749999999999,65.425,14.0,11.0,5.0,3.0,1.0,8.0,6.0,4.0,17.0,9.0,7.0,4.0,8.0,2141.0299999999997,337.32,77.92,92.86,26.81,170.07,75.7,229.24,777.5799999999999,6000.0,51.69,262.84,252.53,1.0,0.5,1.0,1.0,1.0,1.0,0.5,1.0,2.0,1.0,1.0,1.0,1.0
CUST_0021,1261.9,55.89,257.53,10.14,10.03,10.44,303.4,143.11,3.7,1939.2,8.19,18.89,188.22,1434.12,46.98333333333333,192.995,21.24,10.802,143.79,684.11375,476.02714285714285,10.558571428571428,2360.358,43.205,139.10555555555555,194.76999999999998,3.0,3.0,2.0,1.0,5.0,4.0,8.0,14.0,7.0,10.0,4.0,9.0,6.0,2500.0,50.35,345.92,21.24,14.74,174.91,2942.81,795.1700000000001,27.860000000000003,4867.92,68.74,430.81,590.79,0.5,1.0,1.0,1.0,1.0,0.5,0.5,1.0,1.0,0.5,1.0,1.0,0.5
CUST_0022,141.37,206.08,174.39,354.05,26.95,7.23,27.47,101.23,483.27,202.6,9.12,7.29,316.22,137.86714285714285,195.20000000000002,159.12769230769229,169.7615,26.722727272727273,133.25666666666666,71.43666666666667,253.50318181818182,184.38250000000002,514.45875,11.15,111.375,293.7611111111111,7.0,3.0,13.0,20.0,11.0,6.0,3.0,22.0,12.0,8.0,7.0,4.0,9.0,403.58,338.74,397.53,796.62,101.18,211.33,78.63,1054.75,406.23,1584.53,17.66,166.11,1516.5,0.5,0.5,1.0,2.0,1.0,0.5,1.0,1.0,0.5,0.5,1.0,1.0,1.0
CUST_0023,97.73,268.1,566.96,28.13,9.15,7.6,547.6,68.5,115.72,1686.36,3.05,56.98,165.95,113.49714285714286,112.09692307692308,213.27384615384614,48.845,7.8919999999999995,65.25307692307692,1109.0883333333334,340.93454545454546,125.49222222222222,748.3449999999999,8.155000000000001,154.98363636363635,152.7418181818182,7.0,26.0,13.0,4.0,15.0,13.0,6.0,11.0,9.0,6.0,2.0,11.0,11.0,231.03,452.12,722.46,53.29,16.07,149.32,4218.34,1000.0,566.02,2419.16,8.46,703.42,437.21000000000004,1.0,1.0,0.5,1.0,1.0,1.0,1.0,1.0,1.0,1.0,1.0,1.0,1.0
CUST_0024,674.78,30.7,206.96,181.4,9.28,47.07,485.52,11.31,15.08,2530.79,11.08,0.41,672.14,685.4092857142857,21.98428571428571,294.25454545454545,123.57285714285715,9.386000000000001,150.10076923076923,1091.4472727272728,309.155,13.63,2828.0633333333335,29.865000000000002,5.4,646.422,14.0,7.0,11.0,21.0,5.0,13.0,11.0,2.0,5.0,12.0,2.0,4.0,5.0,2500.0,51.01,1628.87,752.49,13.48,305.1,4280.87,386.57,27.1,6000.0,59.730000000000004,12.020000000000001,855.58,0.5,1.0,2.0,2.0,0.5,1.0,0.5,0.5,1.0,1.0,1.0,1.0,1.0
CUST_0025,97.17,49.39,118.95,88.82,49.21,31.91,617.13,125.3,81.34,1079.61,11.22,20.22,775.03,93.30333333333333,44.97,116.255,234.704,47.863846153846154,111.201875,729.3333333333334,619.2745454545454,101.17857142857143,2012.9119999999998,24.35090909090909,172.29999999999998,293.94363636363636,3.0,11.0,2.0,15.0,13.0,16.0,6.0,11.0,7.0,10.0,11.0,6.0,22.0,104.35,173.08,133.23,842.87,115.88,479.91999999999996,2132.56,1253.1399999999999,400.0,3309.09,56.99,469.43,991.69,0.5,1.0,1.0,1.0,2.0,0.7028740922573385,0.5,1.0,0.5,1.0,1.0,1.0,1.0
CUST_0026,141.2,79.85,29.88,75.99,33.4,7.3,1005.31,97.36,42.79,2269.15,6.39,90.84,589.58,275.4242857142857,44.42214285714285,28.755000000000003,153.265,30.944,100.36500000000001,2321.3,334.55375,147.29545454545453,2610.194285714286,14.51375,304.39222222222224,416.08900000000006,7.0,14.0,2.0,2.0,5.0,4.0,9.0,16.0,11.0,7.0,8.0,9.0,10.0,577.39,319.79999999999995,33.52,173.03,60.42,127.01,5771.49,967.82,400.0,6000.0,29.730000000000004,714.66,1482.6100000000001,0.5340237967405047,0.5,1.0,1.0,1.0,1.0,0.6918483412322275,0.5,1.0,1.0,1.0,0.5,1.0
CUST_0027,576.19,120.27,75.41,171.22,17.96,17.83,1266.87,93.03,14.68,930.71,9.47,80.67,361.78,624.945,93.13636363636364,58.96857142857143,234.9077777777778,18.973,76.42153846153846,1276.1257142857144,429.7283333333333,12.545,2385.202222222222,23.081666666666667,303.039375,192.17,2.0,11.0,7.0,27.0,10.0,13.0,14.0,12.0,4.0,9.0,6.0,16.0,6.0,969.48,303.15,134.57,1120.25,36.75,144.37,5000.0,966.1300000000001,18.47,3000.0,46.96,800.0,502.46000000000004,1.0,0.5,1.0,0.8615177842845486,1.0,1.0,2.0,0.5,1.0,1.0,1.0,1.0,1.0
CUST_0028,409.74,42.9,212.5,106.77,6.0,18.01,107.51,27.78,41.86,1839.24,5.91,30.37,51.58,328.568,41.88272727272727,186.93333333333334,78.90875,6.36,99.438,112.4688888888889,754.25,41.17545454545455,2030.31875,18.535,146.94,50.446666666666665,10.0,11.0,15.0,8.0,5.0,10.0,9.0,2.0,11.0,8.0,2.0,13.0,12.0,1843.49,188.73,692.75,159.59,8.67,265.13,168.23,840.23,149.19,3000.0,26.67,430.51,175.4,1.0,1.0,1.0,1.0,1.0,1.0,1.0,1.0,1.0,0.5,1.0,1.0,1.0
CUST_0029,445.28,69.63,159.16,456.72,31.99,61.52,39.01,28.99,118.28,2022.23,2.26,7.52,1064.67,364.54375000000005,69.63,193.79153846153847,869.28,32.480000000000004,243.12714285714284,100.575,395.7975,117.02058823529411,2699.11125,6.29,182.528,555.1821428571428,8.0,1.0,13.0,5.0,2.0,7.0,4.0,4.0,17.0,8.0,2.0,5.0,14.0,1225.71,69.63,581.16,2922.59,48.82,500.0,150.16,439.29,765.03,6000.0,7.41,537.99,1797.52,1.0,1.0,1.0,1.0,0.5,0.5,0.5,0.5,0.5,1.0,0.5,1.0,0.5050077898953929
CUST_0030,560.32,30.44,224.27,119.69,32.26,7.1,316.54,75.58,135.1,39.97,5.76,27.0,527.96,552.6016666666666,33.288,208.8725,246.9416666666667,33.568571428571424,39.243,1349.7661538461539,594.8257142857143,274.294,111.97,12.026363636363635,100.85062500000001,499.19000000000005,6.0,10.0,4.0,6.0,7.0,10.0,13.0,7.0,5.0,2.0,11.0,16.0,12.0,1343.57,111.55,388.86,819.63,60.83,65.93,5174.08,730.51,400.0,164.97,22.810000000000002,595.29,1345.21,0.5,0.5,1.0,0.5,0.5,0.5,0.5,0.5,1.0,1.0,0.5,0.5,1.0
CUST_0031,586.62,28.18,393.27,360.7,21.34,44.56,89.92,111.9,12.91,159.3,7.66,7.36,332.87,570.1206666666666,27.574444444444445,257.6581818181818,437.6825,21.91,225.05545454545452,187.272,360.38235294117646,13.805,237.215,33.77222222222222,48.16444444444445,708.9480000000001,15.0,18.0,11.0,4.0,7.0,11.0,5.0,17.0,2.0,2.0,9.0,9.0,5.0,1464.08,120.51,834.83,1474.42,34.73,419.09,391.74,1446.3600000000001,14.79,238.12,63.95,71.61,1606.19,0.5,0.5,1.0,1.0,1.0,1.0,1.0,1.0,1.0,1.0,1.0,0.5,1.0
CUST_0032,1967.7,178.92,646.29,330.1,25.16,24.67,45.62,64.77,145.02,1160.28,8.53,78.99,249.99,1347.6575000000003,76.668,488.544,489.6242857142857,19.406,123.5409090909091,109.62625,382.78,202.635,2590.804285714286,17.556,323.376,443.2336363636363,4.0,10.0,10.0,7.0,20.0,11.0,8.0,6.0,2.0,7.0,10.0,15.0,11.0,2378.01,151.87,726.13,1517.98,63.78,283.82,250.93,737.0799999999999,400.0,6000.0,59.78,656.53,1360.83,1.0,2.0,1.0,0.5,1.0,0.5,0.5,1.0,1.0,1.0,1.0,1.0,0.5
CUST_0033,260.31,165.47,181.36,197.37,16.23,19.16,1183.39,27.24,280.3,1824.38,11.27,31.97,271.41,564.67,131.31076923076924,228.63555555555553,263.9957142857143,16.549285714285713,87.65333333333332,3864.0,188.08124999999998,334.77625,2484.1246153846155,29.32166666666667,205.615,284.99,4.0,13.0,9.0,14.0,14.0,12.0,2.0,8.0,8.0,13.0,6.0,10.0,4.0,817.26,304.78,835.06,957.45,64.44,191.06,4964.34,308.87,653.08,6000.0,51.21,930.21,746.63,1.0,0.5516366215056172,1.0,1.0,1.0,0.5,1.0,1.0,0.5,0.5,1.0,0.5,1.0
CUST_0034,269.2,8.34,332.43,0.0,44.17,0.0,25.64,64.28,19.93,1055.13,11.48,39.34,389.69,483.2885714285714,10.03,345.4533333333333,0.0,48.92111111111111,0.0,75.88333333333334,424.6770588235294,21.48714285714286,2863.4192307692306,31.876666666666665,195.706,372.945,7.0,2.0,9.0,0.0,9.0,0.0,3.0,17.0,7.0,26.0,3.0,10.0,2.0,682.6,12.26,694.05,0.0,197.57,0.0,113.95,1006.3199999999999,44.17,9000.0,43.35,586.1500000000001,506.67,1.0,1.0,0.5,0.0,1.0,0.0,0.5,0.5,0.5,0.5002422890113482,1.0,1.0,1.0
CUST_0035,170.45,70.14,376.4,118.19,2.88,21.99,176.3,37.06,224.97,1454.87,13.03,61.25,805.84,385.711052631579,63.744285714285716,359.085,172.42875,2.795,216.507,631.5419999999999,338.66,255.76500000000001,2344.0585,14.879999999999999,266.48785714285714,784.0799999999999,19.0,7.0,6.0,16.0,2.0,10.0,15.0,6.0,6.0,20.0,7.0,14.0,4.0,2713.31,99.29,887.27,821.62,3.08,584.16,4229.62,459.54,400.0,9000.0,30.64,621.97,1289.31,0.5,1.0,1.0,1.0,1.0,1.0,0.5,1.0,0.5,1.0,1.0,2.0,0.5
CUST_0036,172.99,116.22,247.92,385.84,10.54,0.0,535.65,216.79,34.12,4323.55,22.75,22.81,534.53,373.84250000000003,80.436,225.7209090909091,580.716,9.784615384615385,0.0,562.5181818181818,239.0884,76.19166666666666,1199.2415384615383,18.129375,238.54,504.567,8.0,5.0,11.0,5.0,13.0,0.0,11.0,25.0,6.0,13.0,16.0,6.0,10.0,1173.42,268.06,909.81,1607.18,18.54,0.0,3452.56,789.37,190.62,3039.59,80.65,736.77,1570.6,0.5,0.5,0.5,0.5,0.5,0.0,2.0,1.0,1.0,0.5,0.5,0.5,0.5
CUST_0037,655.65,33.15,159.03,75.1,31.8,10.23,381.54,161.51,551.07,2062.01,4.75,5.63,318.55,683.675,28.105000000000004,137.86700000000002,117.5475,14.338666666666667,114.178,906.9377777777777,292.18,257.7427272727273,2584.5414285714287,23.225714285714282,21.794375,134.17909090909092,2.0,2.0,10.0,8.0,15.0,10.0,9.0,15.0,11.0,7.0,7.0,16.0,11.0,732.62,36.52,415.58,185.19,55.84,239.24,2643.06,963.94,413.38,3000.0,55.06,83.11,337.6,1.0,1.0,1.0,1.0,1.0,1.0,1.0,1.0,1.0,1.0,1.0,1.0,1.0
CUST_0038,307.54,27.07,74.73,84.67,30.38,8.87,256.8,65.91,20.66,1895.0,29.13,92.22,930.81,284.87,23.861538461538462,38.598,135.3923076923077,28.09363636363636,123.39875,638.2337500000001,402.0,20.724,2540.795,47.06,548.1360000000001,1055.518,14.0,13.0,10.0,13.0,11.0,8.0,8.0,5.0,5.0,4.0,4.0,5.0,5.0,858.61,60.730000000000004,113.19,323.39,115.96,239.08,3440.9700000000003,714.15,28.12,3000.0,63.86,800.0,2000.0,0.5,1.0,1.247822731782604,1.0,0.5,1.0,1.0,1.0,1.0,1.0,1.0,0.5,1.0
CUST_0039,245.71,147.55,95.5,420.75,12.16,9.82,967.46,46.03,162.8,1399.29,5.42,46.81,462.5,229.656,123.73,187.072,718.3383333333333,11.9925,130.79,2012.2633333333335,471.82857142857137,148.71727272727273,2618.747272727273,11.968571428571428,218.46571428571428,494.60999999999996,10.0,7.0,10.0,6.0,4.0,4.0,9.0,7.0,11.0,11.0,7.0,14.0,12.0,570.12,466.67,348.92,1511.38,13.29,269.87,5000.0,1157.02,400.0,6000.0,19.78,800.0,1413.52,0.5,0.5,1.0,1.0,1.0,1.0,0.5,1.0,0.5,1.0,1.0,0.5,0.5
CUST_0040,77.74,81.58,128.58,436.01,25.18,22.26,44.86,47.57,0.0,2303.41,7.88,34.77,246.75,157.36818181818182,77.86833333333333,62.09166666666667,261.46818181818185,10.618421052631579,112.26090909090908,121.776,296.816,0.0,2387.2749999999996,16.94,77.91692307692307,249.72799999999998,11.0,12.0,6.0,11.0,19.0,11.0,5.0,5.0,0.0,18.0,6.0,13.0,5.0,487.11,154.56,110.11,621.25,25.51,306.42,226.75,343.63,0.0,6000.0,42.86,218.55,332.49,1.0,1.0,1.0,1.0,2.0,1.0,1.0,0.5,0.0,2.0,1.0,1.0,1.0
CUST_0041,273.67,210.4,282.58,263.49,12.26,0.0,1443.45,74.13,18.09,725.36,14.2,6.85,239.05,345.9557142857143,108.24411764705883,254.6495,522.7566666666667,12.315714285714288,0.0,4208.39,445.11333333333334,13.459166666666667,1958.041,26.28076923076923,408.42,214.95999999999998,7.0,17.0,20.0,3.0,7.0,0.0,1.0,9.0,12.0,20.0,13.0,1.0,4.0,744.85,561.84,1055.03,645.27,21.29,0.0,4208.39,1000.0,43.7,6463.18,69.93,408.42,472.97,0.5,2.0,1.0,1.0,1.0,0.0,1.0,1.0,1.0,0.5113709155533364,1.0,1.0,1.0
CUST_0042,96.77,152.13,324.33,295.97,19.3,15.18,892.74,47.31,64.16,377.18,10.8,18.28,47.82,96.77,105.25,259.34625,378.54714285714283,12.935555555555556,119.10571428571428,1445.7511111111112,431.84499999999997,114.484375,1668.5125,24.06125,242.5666666666667,36.44428571428572,1.0,14.0,16.0,7.0,9.0,7.0,9.0,6.0,16.0,12.0,8.0,6.0,7.0,96.77,376.05,917.86,1544.51,38.78,287.6,5000.0,525.43,413.74,3732.92,55.72,395.18,79.19,1.0,1.0,1.0,1.0,1.0,1.0,1.3956764085567943,1.0,0.5,1.0,1.0,1.0,1.0
CUST_0043,500.91,102.52,34.09,0.0,82.74,1.61,1282.09,29.93,181.1,2409.26,7.28,0.49,738.32,402.331,169.73888888888888,32.41777777777778,0.0,34.7355,29.483333333333334,3299.446,462.67857142857144,249.6475,2820.2370588235294,17.282,3.865,698.9444444444445,10.0,9.0,9.0,0.0,20.0,3.0,5.0,7.0,12.0,17.0,5.0,8.0,9.0,1040.95,500.0,45.02,0.0,150.0,32.63,5000.0,841.42,629.47,6000.0,33.4,9.54,1950.7,2.0,1.0,0.5,0.0,0.5,1.0,1.0,1.0,0.5,1.0,1.0,1.0,1.0
CUST_0044,228.66,118.1,343.72,374.88,22.32,17.57,106.18,40.97,28.57,1015.91,5.55,2.78,626.64,94.70416666666667,106.14,351.56615384615384,392.81928571428574,22.32,107.38666666666667,206.94400000000002,296.62375000000003,45.391875,2320.46,13.895000000000001,27.541666666666668,520.1108333333333,12.0,9.0,13.0,14.0,1.0,9.0,10.0,8.0,16.0,13.0,6.0,6.0,12.0,216.84,486.34,1000.0,1522.43,22.32,323.27,809.09,619.4200000000001,304.63,6000.0,21.48,56.43,1368.13,0.5,1.0,1.0,0.5,0.5,1.0,0.5,1.0,0.5,0.5,1.0,1.0,2.0
CUST_0045,121.99,39.13,60.37,130.98,28.31,5.59,56.09,218.56,26.54,2013.21,5.37,12.9,712.95,132.83999999999997,49.474000000000004,65.945,215.35363636363635,22.609999999999996,96.88666666666667,139.0475,537.0681818181819,24.53,1870.8554545454544,12.143333333333334,768.78,731.84,10.0,10.0,2.0,11.0,7.0,6.0,8.0,11.0,5.0,11.0,9.0,1.0,2.0,392.27,150.72,84.49,391.47,43.599999999999994,169.17,180.24,1309.07,51.519999999999996,3540.2700000000004,20.73,768.78,772.46,1.0,0.8387638996638221,1.0,0.5,1.0,0.5336567616737417,1.0,1.0,1.0,0.5,0.5,1.0,0.5
CUST_0046,221.27,177.07,82.81,228.94,9.07,20.02,856.46,42.28,220.1,1802.44,3.19,32.52,189.25,556.4925,139.245,75.62833333333333,300.8978571428571,18.685555555555553,92.14166666666667,2566.5950000000003,388.11833333333334,293.04,2785.26,9.52,651.3466666666667,449.559,12.0,4.0,6.0,14.0,9.0,12.0,4.0,6.0,10.0,3.0,3.0,3.0,10.0,1887.9499999999998,342.85,162.45,1558.89,77.12,389.6,5000.0,610.79,587.55,3000.0,14.05,721.89,2000.0,1.0,1.0,1.0,0.5,0.5,1.0,1.0,1.0,1.0,1.0,1.0,1.0,0.5
CUST_0047,238.34,14.16,60.34,70.99,14.34,24.96,199.65,9.0,64.59,282.42,22.88,8.83,417.66,223.5075,15.353,63.234,99.27428571428572,28.336666666666666,150.22333333333333,792.2808333333334,244.52,122.4,2074.9988888888893,49.590999999999994,526.19,159.975,4.0,10.0,5.0,7.0,18.0,9.0,12.0,2.0,13.0,9.0,10.0,1.0,16.0,332.22,32.87,106.8,187.04,150.0,333.21000000000004,3363.59,257.79,400.0,3434.32,80.0,526.19,811.1600000000001,1.0,1.2559633027522934,1.0,0.5,0.5,1.0,1.0,1.0,0.5,0.5,0.5,1.0,2.0
CUST_0048,959.05,16.12,201.51,406.44,13.84,117.7,48.0,37.16,120.84,339.33,15.98,5.2,0.0,832.0185714285715,15.383333333333333,187.245,415.17157894736846,13.78,165.5315,113.49857142857142,278.5433333333333,120.36333333333333,2131.3223076923077,27.6,77.8425,0.0,14.0,12.0,8.0,19.0,6.0,20.0,7.0,15.0,12.0,13.0,11.0,4.0,0.0,3329.4700000000003,34.43,497.3,1763.21,28.97,902.19,171.56,638.14,400.0,6245.65,118.27000000000001,292.13,0.0,1.0,1.0,0.5,1.0,0.5,1.0,1.0,0.5,1.0,0.5,1.2830409356725145,1.0,0.0
CUST_0049,325.76,124.59,84.64,268.35,18.05,1.14,54.1,80.73,19.44,4287.86,6.89,33.26,340.76,384.7033333333333,109.19,156.665,554.462,18.631666666666664,30.945,121.95222222222222,407.0072727272727,14.412500000000001,2104.691428571429,10.585,240.14777777777778,375.86125,3.0,6.0,6.0,5.0,12.0,2.0,9.0,11.0,4.0,14.0,6.0,9.0,8.0,984.14,287.08,321.06,1376.09,69.25,36.5,192.77,771.85,19.05,6000.0,14.98,715.43,1122.47,1.0,1.0,0.5,1.0,1.0,1.0,1.0,1.0,1.0,1.0,1.0,1.0,1.0
CUST_0050,183.96,14.43,49.6,934.77,34.47,20.24,316.78,105.83,347.96,1250.97,6.2,29.66,114.59,223.2975,14.399999999999999,52.68857142857143,608.0783333333334,35.01888888888889,77.01857142857143,1654.3666666666666,310.0042105263158,191.348,2227.886,11.864,359.552,101.97,4.0,9.0,7.0,12.0,9.0,14.0,6.0,19.0,10.0,5.0,5.0,5.0,7.0,363.65,24.490000000000002,162.97,2737.21,69.56,293.95,3658.91,740.07,400.0,4494.23,20.9,732.92,422.58,1.0,1.0,0.5,1.0,1.0,1.0,1.0,0.5,1.0,1.0,1.0,0.5,1.0
CUST_0051,971.64,122.84,206.22,82.53,9.78,11.02,0.0,28.01,14.22,1978.83,17.63,32.08,509.11,916.5360000000001,88.6825,361.21625,147.05333333333334,9.656,100.14666666666666,0.0,386.33125,14.14,2512.367272727273,35.74545454545454,122.86153846153846,509.05727272727273,5.0,8.0,8.0,15.0,10.0,6.0,0.0,8.0,2.0,11.0,11.0,13.0,11.0,1670.52,174.55,1152.27,690.16,15.52,225.16,0.0,607.48,14.25,6000.0,67.06,854.75,1055.3,1.0,1.0,1.0,1.0,1.0,0.5,0.0,0.5,1.0,0.5,1.0,2.0,0.5
CUST_0052,1749.79,68.13,304.17,551.71,8.14,25.55,64.61,22.62,22.29,319.56,29.17,72.88,941.96,1321.209090909091,131.717,292.15000000000003,1155.566,9.82125,127.26636363636364,160.32000000000002,406.23333333333335,11.716666666666667,530.4728571428572,55.364999999999995,106.48809523809524,681.0258823529412,11.0,10.0,17.0,5.0,8.0,11.0,6.0,3.0,12.0,7.0,10.0,21.0,17.0,3700.45,341.06,942.52,2500.0,20.13,553.41,191.91,697.22,27.73,1844.34,123.2,603.51,3248.5,1.0,1.0,0.5,0.5,1.0,1.0,1.0,1.0,2.0,0.5,0.5,0.5,1.0
CUST_0053,160.52,140.19,0.0,117.99,23.55,15.72,349.23,11.56,295.29,252.26,14.31,16.8,609.46,312.122,115.965,0.0,145.88375,21.675714285714285,54.295,975.926,211.01000000000002,159.66923076923075,2097.94,34.46,151.68142857142857,381.6766666666667,10.0,8.0,0.0,8.0,7.0,16.0,5.0,3.0,13.0,6.0,7.0,7.0,3.0,1928.71,218.77,0.0,227.99,79.56,142.32999999999998,1128.66,303.69,400.0,6000.0,72.88,510.77,1013.88,0.5,1.0,0.0,1.0,0.5,1.0,1.0,1.0,2.0,0.5,1.0,0.5,1.0
CUST_0054,229.18,134.4,77.28,335.11,69.93,48.5,233.08,32.65,232.07,2329.63,4.74,53.58,312.45,215.28166666666667,155.05272727272725,167.71454545454546,963.2650000000001,32.42055555555556,168.39615384615385,1004.4388888888888,597.4833333333333,92.70533333333333,2706.2633333333333,12.57375,254.95076923076925,691.225,12.0,11.0,11.0,28.0,18.0,13.0,9.0,3.0,15.0,9.0,8.0,13.0,10.0,589.55,512.41,739.93,6420.82,110.4,442.46000000000004,2932.2,933.48,457.25,6000.0,25.72,800.0,1830.77,1.0,2.0,0.5,0.5,0.5,1.0,0.5,1.0,2.0,1.0,0.5,1.0,0.5
CUST_0055,573.01,75.23,226.58,40.49,41.26,9.02,386.02,56.53,12.47,804.25,11.08,55.12,492.35,515.0933333333334,79.71,224.79,84.58000000000001,44.96142857142858,61.48375,754.3989473684211,348.70444444444445,7.805,1774.625,20.88153846153846,389.46444444444444,454.06125,6.0,3.0,6.0,5.0,7.0,8.0,19.0,9.0,6.0,6.0,13.0,9.0,8.0,1263.16,86.21,603.82,174.08,121.64,166.71,5087.34,747.12,20.14,3000.0,43.49,780.74,1332.59,1.0,1.0,1.0,1.0,1.0,1.0,0.5,1.0,0.5,1.0,1.0,1.0,1.0
CUST_0056,671.16,50.09,25.24,98.25,10.71,1.94,116.7,37.18,261.9,1712.11,0.0,0.26,651.54,588.4399999999999,60.655,27.566666666666666,155.41400000000002,15.2275,21.066000000000003,207.99466666666666,257.95187500000003,284.17555555555555,1704.5044999999998,0.0,2.0525,787.3442857142857,10.0,6.0,3.0,5.0,4.0,5.0,15.0,16.0,9.0,20.0,0.0,4.0,7.0,2544.2599999999998,169.81,47.25,419.48,32.75,68.4,1749.27,1057.97,400.0,9000.0,0.0,2.76,1767.8,1.0,0.5,1.0,0.5,1.0,1.0,1.0,1.0,1.0,1.0,0.0,0.5,0.5
CUST_0057,117.57,429.16,0.0,348.89,57.04,130.2,49.2,39.89,13.01,4074.48,4.42,15.42,43.92,113.2525,177.03285714285715,0.0,497.6933333333334,24.215,193.72842105263157,142.07928571428573,438.64799999999997,19.993333333333336,2061.366666666667,10.08625,134.268,77.54,8.0,14.0,0.0,15.0,18.0,19.0,14.0,5.0,6.0,3.0,8.0,15.0,11.0,253.29,500.0,0.0,2500.0,69.55,561.49,314.62,1000.0,46.28,3000.0,12.27,712.91,248.08,2.0,1.0,0.0,0.5,2.0,1.0,1.7146062831497346,1.0,1.0,1.0,1.0,0.5,0.5
CUST_0058,278.09,14.13,63.64,0.0,25.53,20.65,655.31,46.88,174.99,1348.91,4.3,17.61,265.44,148.78583333333333,14.309999999999999,50.72714285714286,0.0,20.426250000000003,114.21,749.6616666666667,354.14142857142855,242.74666666666664,2182.7793333333334,10.958,99.91411764705882,280.0022222222222,12.0,5.0,7.0,0.0,8.0,10.0,12.0,7.0,15.0,15.0,5.0,17.0,9.0,292.78999999999996,32.13,111.09,0.0,96.98,300.02,2558.9,1113.03,800.0,6000.0,16.24,668.33,1538.46,1.0,0.5,1.0,0.0,1.0,1.0,1.0,1.0,1.0,0.5,0.5,0.6569463899146822,1.0
CUST_0059,440.66,38.03,419.45,92.69,0.0,43.31,908.17,283.39,7.82,1585.79,16.37,2.41,262.13,519.2543478260869,28.66125,422.8233333333333,194.11,0.0,173.15285714285713,1883.881666666667,525.5213333333334,7.628,1914.977,28.118,72.005,549.465625,23.0,8.0,3.0,1.0,0.0,14.0,12.0,15.0,5.0,20.0,15.0,2.0,16.0,1663.36,88.2,565.11,194.11,0.0,500.0,5058.94,1414.12,11.7,6000.0,72.04,73.66,3353.3199999999997,1.992549518444485,1.0,1.0,1.0,0.0,0.5,0.5,0.9960314782068761,1.0,2.0,1.0,1.0,0.5
CUST_0060,515.07,121.87,210.51,154.48,22.73,23.74,59.87,105.43,13.04,1362.27,5.38,14.48,473.5,519.731875,124.172,244.8225,386.5216666666667,19.6525,185.17428571428573,157.046,372.3675,12.765,2125.021052631579,13.876,147.785,251.79000000000002,16.0,5.0,16.0,6.0,4.0,7.0,5.0,20.0,6.0,19.0,5.0,6.0,4.0,2237.54,202.76,1075.14,1568.08,44.85,405.04,167.67,1421.45,23.12,6000.0,19.29,247.47,384.26,1.0,1.0,0.5,0.5,1.0,0.5,1.0,0.7732687045947733,1.0,2.0,0.5,0.5,1.0
CUST_0061,1764.2,30.05,326.85,47.02,39.54,117.75,38.01,137.15,112.16,80.82,6.82,2.26,420.28,1764.2,37.174,345.04857142857145,114.12142857142858,19.745555555555555,233.30642857142857,90.60625,471.2,84.25,200.375,34.07,34.07,430.85,1.0,10.0,7.0,7.0,9.0,14.0,8.0,8.0,16.0,2.0,6.0,4.0,2.0,1764.2,58.62,1000.0,237.03,60.54,500.0,103.24,1000.0,325.57,281.47,47.83,38.84,505.98,1.0,0.5,0.5,1.0,2.0,0.5,1.0,1.0,1.0,1.0,0.5,1.0,1.0
CUST_0062,292.09,67.75,204.6,157.18,9.58,0.0,56.0,9.5,251.76,153.14,7.88,23.33,900.27,292.09,80.22500000000001,162.35615384615386,526.106,19.746000000000002,0.0,143.01799999999997,172.39000000000001,333.925,201.1818181818182,13.839999999999998,165.4525,730.8171428571429,1.0,16.0,13.0,10.0,10.0,0.0,5.0,3.0,6.0,11.0,12.0,4.0,7.0,292.09,365.47,565.97,2763.41,94.52,0.0,178.27,194.93,400.0,438.93999999999994,34.42,374.25,1312.45,1.0,1.0,1.0,1.0,1.0,0.0,1.0,1.0,1.0,0.5,1.0,1.0,0.5
CUST_0063,252.65,36.77,44.77,0.0,18.78,7.81,1643.08,84.57,437.68,177.61,9.45,82.78,231.3,361.215,36.42333333333334,41.513333333333335,0.0,19.55333333333333,61.37,1741.01,278.15176470588233,299.6653333333333,254.5427272727273,15.348571428571429,117.86000000000001,203.7575,18.0,6.0,6.0,0.0,6.0,7.0,8.0,17.0,15.0,11.0,14.0,23.0,4.0,1837.58,92.03,89.91,0.0,24.93,87.66,5805.75,656.42,400.0,665.07,46.61,868.75,424.38,0.5,1.0,0.5,0.0,1.0,1.0,1.0,0.5,1.0,2.0,1.0100334448160535,2.0,1.0
CUST_0064,341.38,37.77,255.25,298.64,24.6,26.25,74.42,88.52,20.94,2098.04,4.99,16.09,574.52,360.70714285714286,20.0175,249.44,426.5170588235294,27.124444444444443,133.043,157.84285714285716,435.96000000000004,20.903076923076924,2331.501333333333,12.936666666666667,481.83500000000004,517.138,14.0,8.0,2.0,17.0,9.0,10.0,7.0,11.0,13.0,15.0,3.0,2.0,5.0,804.44,38.46,365.63,1594.67,109.13,387.75,458.9,1138.4,69.59,6000.0,14.94,963.6700000000001,1175.95,1.0,0.5,0.5,1.0,1.0,1.0,0.5,1.0,0.5,1.0,1.0,1.0,1.0
CUST_0065,57.27,62.41,317.13,1062.68,9.1,36.77,29.8,18.1,47.9,379.54,6.44,0.0,105.96,53.21,21.210500000000003,260.2053846153846,979.75,8.883333333333333,158.41153846153844,75.666,248.86499999999998,143.7969230769231,2513.791,12.52888888888889,0.0,100.33533333333334,3.0,20.0,13.0,5.0,6.0,13.0,5.0,4.0,13.0,10.0,9.0,0.0,15.0,119.1,78.15,798.89,1884.15,19.24,523.25,111.12,463.77,400.0,6000.0,31.089999999999996,0.0,679.93,0.5,1.0,1.0,1.0,1.0,0.5,1.0,1.0,0.5,0.5,1.0,0.0,1.0
CUST_0066,354.66,116.02,161.54,218.32,14.39,3.39,813.36,68.0,0.0,654.22,16.26,33.04,719.88,380.95875,107.56800000000001,336.09625,357.1,14.052307692307693,31.265,2161.3866666666668,509.32866666666666,0.0,2577.38,43.8,430.512,637.56,8.0,10.0,8.0,2.0,13.0,6.0,6.0,15.0,0.0,11.0,2.0,5.0,16.0,857.0,276.28,725.22,421.61,27.05,57.33,5000.0,1314.2399999999998,0.0,6000.0,50.92,800.0,3254.69,0.5,0.5,1.0,0.5,0.5,1.0,1.0,0.5,0.0,0.5,1.0,1.0,1.0
CUST_0067,0.0,32.7,61.84,91.96,30.36,29.48,1345.75,278.89,56.05,788.0,8.37,35.55,159.24,0.0,37.97454545454545,125.39500000000001,113.141875,31.41714285714286,66.96916666666667,1143.973888888889,405.92263157894735,67.88,1865.6480000000001,26.81866666666667,215.858,142.3475,0.0,11.0,10.0,16.0,7.0,12.0,18.0,19.0,5.0,15.0,15.0,5.0,8.0,0.0,134.4,303.35,420.57,48.56,152.56,5559.52,1224.06,191.57,4392.71,82.21000000000001,490.78,400.99,0.0,0.5,0.5,1.0,1.0,2.0,0.5,0.5,0.5,1.0,0.5,1.0,0.5
CUST_0068,276.85,212.18,268.17,33.56,7.72,40.16,1580.34,15.81,86.57,1572.31,27.83,46.13,64.71,277.7907142857143,156.02,252.63666666666666,70.29,14.132142857142856,111.8955,4365.106666666667,216.6875,119.46727272727271,2083.5725,41.108823529411765,240.4295833333333,61.513999999999996,14.0,3.0,3.0,1.0,14.0,20.0,3.0,4.0,11.0,16.0,17.0,24.0,5.0,569.41,455.96,354.0,70.29,31.950000000000003,351.81,5000.0,292.65,459.21,7145.79,105.66,1227.19,145.54,0.5,1.0,1.0,1.0,1.0,1.0,1.0,1.0,0.5,1.0,1.4385709077652207,0.5,1.0
CUST_0069,178.44,62.26,827.18,111.07,17.54,14.44,1490.96,40.87,92.46,630.58,23.21,52.43,300.36,385.61,44.17230769230769,828.7733333333332,172.47,16.442857142857143,88.78777777777778,1666.5422222222223,362.29857142857145,107.23142857142857,951.392,41.03363636363636,145.07333333333335,229.02999999999997,10.0,13.0,3.0,8.0,21.0,9.0,9.0,7.0,7.0,10.0,11.0,9.0,3.0,879.32,151.36,1000.0,471.83,54.36,222.96,5000.0,643.81,315.37,3445.35,88.91,530.73,345.74,0.5,1.0,0.5,0.5,1.0,0.5,1.0,0.8735890468227423,1.0,0.5,0.8029873808910636,2.0,0.5
CUST_0070,234.55,36.88,35.59,22.22,27.81,51.98,3555.33,34.5,18.56,71.26,24.92,7.8,696.56,238.985,30.8105,33.17,106.58,25.770999999999997,221.22153846153847,3159.753571428571,470.7475,14.232307692307693,106.78666666666668,27.41090909090909,119.94624999999999,607.4555555555556,4.0,20.0,6.0,3.0,10.0,13.0,14.0,4.0,13.0,3.0,11.0,8.0,9.0,350.86,134.35,55.32,178.33,103.42,461.84,9393.880000000001,527.4,49.69,129.62,73.81,584.05,2607.7799999999997,0.5,1.0,0.5,1.0,0.5,0.5,1.0,1.0,0.5,1.0,1.0,1.0,1.0
CUST_0071,0.0,197.1,56.41,226.07,53.55,14.61,539.59,71.14,146.73,253.91,6.22,1.87,639.96,0.0,72.24692307692308,115.715,356.4883333333333,44.990526315789474,122.53666666666666,1074.7191666666668,330.06583333333333,150.00142857142856,1969.573125,12.025,22.026000000000003,364.796,0.0,13.0,8.0,6.0,19.0,9.0,12.0,12.0,7.0,16.0,12.0,5.0,5.0,0.0,224.3,287.23,831.51,98.83,202.19,5000.0,1000.0,400.0,6000.0,26.19,43.160000000000004,1412.65,0.0,1.514517218095881,0.5,1.0,1.1440150528296422,1.0,0.5,2.0,1.0,0.5,1.0,1.0,1.0
CUST_0072,0.0,51.69,56.06,71.73,23.52,27.68,53.96,63.84,40.15,1187.73,23.25,19.32,159.98,0.0,45.41571428571428,54.60333333333333,127.16166666666668,18.910833333333333,108.78285714285714,153.226,289.3544444444444,140.91846153846154,2054.991,22.029285714285717,66.00666666666666,165.8714285714286,0.0,14.0,3.0,6.0,12.0,14.0,5.0,9.0,13.0,10.0,14.0,9.0,7.0,0.0,181.04000000000002,85.47,290.58,71.88,462.78000000000003,353.45,899.48,548.79,3000.0,48.1,194.96,447.19,0.0,1.0,1.0,1.0,0.5,1.0,0.5,1.0,0.5,1.0,2.0,1.0,1.0
CUST_0073,764.79,18.63,741.16,621.53,30.99,1.25,837.52,84.37,32.99,196.18,16.02,67.93,18.74,394.09777777777776,18.63,406.52714285714285,301.36045454545456,27.328235294117647,34.45,2065.1642857142856,326.34375,45.754999999999995,2003.4157142857143,26.179230769230767,369.24363636363637,16.5925,9.0,1.0,7.0,22.0,17.0,2.0,7.0,16.0,2.0,14.0,13.0,11.0,4.0,1322.39,18.63,863.26,1317.26,115.89,43.19,4752.4,904.01,51.58,3000.0,52.56,1514.49,21.86,1.0,1.0,0.5,0.6852889344801284,1.0,1.0,1.0,1.677428284715734,1.0,0.5,1.0,1.0,0.5
CUST_0074,391.17,102.92,181.39,0.0,39.81,25.41,329.05,46.3,103.96,540.72,7.77,32.44,1045.79,365.86199999999997,47.75555555555556,138.362,0.0,18.232142857142858,89.420625,1037.6108695652174,630.0174999999999,168.418,939.5825,13.805333333333333,160.9390909090909,1062.9975,10.0,18.0,5.0,0.0,14.0,16.0,23.0,4.0,10.0,4.0,15.0,11.0,4.0,759.8,186.64,246.84,0.0,33.87,297.46000000000004,5060.94,1000.0,406.72,1404.1,31.490000000000002,711.83,1479.42,1.0,0.5,0.5,0.0,2.0,1.0,0.5,1.0,2.0,1.0,1.0754578754578754,0.5,1.0
CUST_0075,0.0,77.05,99.85,230.04,21.07,3.25,1494.57,64.07,32.23,305.61,26.22,17.05,877.09,0.0,40.163333333333334,49.74571428571429,269.4335294117647,19.847692307692306,44.7825,2765.6066666666666,505.0,32.504,1843.3400000000001,23.364375,173.66833333333332,676.9083333333333,0.0,15.0,14.0,17.0,13.0,4.0,9.0,7.0,5.0,10.0,16.0,6.0,6.0,0.0,158.20999999999998,114.7,1081.77,54.45,57.0,5109.27,977.48,73.96,6000.0,69.86,395.22,1440.46,0.0,1.0,0.5,2.0,1.0,1.0,0.5,1.0,0.5,1.0,1.0,1.0,1.0
CUST_0076,652.6,15.42,145.52,445.8,44.47,74.16,933.01,11.26,53.47,1911.33,30.52,33.76,214.86,519.5854545454546,16.823333333333334,147.2625,762.0100000000001,35.553333333333335,174.46666666666667,2131.7975,304.61,50.54999999999999,1535.2175,33.00125,247.2475,194.9057142857143,11.0,3.0,4.0,3.0,9.0,12.0,12.0,2.0,3.0,8.0,8.0,8.0,7.0,1532.24,21.71,154.03,1459.3400000000001,109.93,443.77,5000.0,363.47,74.61,3000.0,60.08,759.91,522.27,1.0,1.0,1.0,1.0,1.0,0.5,0.5,1.0,1.0,1.0,1.0,1.0,0.5
CUST_0077,805.81,237.17,80.67,259.37,34.39,10.81,831.19,88.67,0.0,322.68,18.83,11.84,60.48,745.29375,165.56833333333336,105.547,230.79222222222222,33.51,36.70375,1813.4,374.585,0.0,1656.5316666666668,35.068461538461534,70.125,110.08,8.0,6.0,10.0,9.0,11.0,8.0,4.0,14.0,0.0,12.0,13.0,10.0,10.0,1905.63,282.49,275.14,561.72,85.64,75.75999999999999,5000.0,934.5699999999999,0.0,4822.37,80.0,135.94,254.63,1.0,0.5,0.709311623173657,1.0,1.0,0.5,1.0,0.9351821862348179,0.0,1.0,1.0,1.0,1.0
CUST_0078,53.08,55.15,361.84,244.01,21.54,35.74,13.47,153.1,141.29,1850.95,13.46,6.35,408.41,62.559999999999995,53.14,371.43199999999996,178.42111111111112,22.22,65.58733333333333,75.2975,324.9561538461539,174.74666666666667,1944.2400000000002,33.339999999999996,98.1075,341.9328571428572,4.0,4.0,5.0,9.0,3.0,15.0,4.0,13.0,3.0,10.0,7.0,4.0,7.0,103.53,108.65,966.55,388.41999999999996,25.35,177.04000000000002,122.6,582.72,400.0,3065.17,60.22,133.28,1491.16,1.0,1.0,0.5,1.0,1.0,2.0,1.0,0.5,1.0,1.0,0.5,1.0,1.0
CUST_0079,476.95,12.93,216.5,67.42,19.52,10.07,2131.59,111.97,5.77,2117.11,17.5,22.53,415.27,397.6,13.34625,163.13933333333335,99.63666666666666,15.648,78.96714285714286,2284.11875,472.1530769230769,5.88,3000.0,30.97888888888889,163.01333333333332,324.48315789473685,5.0,8.0,15.0,3.0,20.0,7.0,8.0,13.0,3.0,3.0,18.0,9.0,19.0,1663.8100000000002,28.48,410.64,123.71,57.68,195.85,5000.0,1049.08,6.14,3000.0,107.53999999999999,692.96,1485.3600000000001,1.0,0.711329539575789,0.5,1.0,0.5847750865051904,0.5,1.0,1.0,1.0,1.0,1.0,1.0,2.0
CUST_0080,242.83,41.38,257.86,0.0,7.04,11.72,35.39,37.57,114.55,1921.51,9.18,6.57,1030.07,190.8675,38.849999999999994,268.21500000000003,0.0,14.288,214.42666666666665,95.716,411.206,101.19142857142856,2584.3792857142857,21.87833333333333,46.3275,754.55875,8.0,18.0,2.0,0.0,5.0,3.0,5.0,5.0,7.0,14.0,6.0,8.0,8.0,798.54,236.65,320.68,0.0,21.08,244.59,208.98,942.46,264.32,6000.0,46.16,251.75,1432.17,1.0,1.0171246515332537,1.0,0.0,1.0,1.0,1.0,1.0,0.5,0.5,1.0,0.5,1.0
CUST_0081,633.83,48.42,154.98,464.98,25.13,14.25,31.56,41.94,284.15,250.88,17.73,37.0,331.25,842.283,58.970000000000006,150.765625,568.0961538461538,22.976153846153846,155.526,90.68333333333334,380.4866666666667,299.845,148.965,31.00411764705882,438.11800000000005,344.28999999999996,10.0,7.0,16.0,13.0,13.0,5.0,3.0,6.0,2.0,4.0,17.0,5.0,7.0,2500.0,89.18,514.39,2633.52,73.62,379.45,110.58,784.31,319.31,349.51,73.27,689.05,1378.83,0.5,1.0,0.5,1.0,1.0,1.0,1.0,1.0,0.5,1.0,1.0,0.5,0.5756682840758712
CUST_0082,164.23,74.24,161.35,209.6,39.67,16.11,83.03,97.12,12.05,2206.0,8.34,2.71,378.18,147.26666666666668,91.20666666666666,259.8275,583.43,18.2675,87.982,157.02333333333334,440.14166666666665,12.281666666666666,1793.7300000000002,9.873333333333333,27.536666666666665,395.1983333333333,6.0,6.0,8.0,8.0,4.0,5.0,6.0,12.0,6.0,6.0,6.0,6.0,6.0,279.83,135.48,791.97,1734.11,36.82,207.57,303.75,1068.9,17.41,3000.0,11.15,55.47,690.72,1.0,0.5,1.0,1.0,2.0,1.0,1.0,0.5,1.0,1.0,1.0,0.5,1.0
CUST_0083,988.1,21.77,106.68,474.13,3.07,15.98,236.02,72.18,167.64,1712.0,13.63,37.02,725.92,629.3847058823529,23.73875,70.45125,453.5486956521739,3.54,437.87,1101.5536363636363,667.015,127.81888888888888,2674.781111111111,13.797142857142857,63.18000000000001,598.01,17.0,8.0,8.0,23.0,2.0,2.0,11.0,6.0,9.0,9.0,14.0,12.0,7.0,2178.73,58.5,218.5,3950.8,4.89,484.75,5000.0,1000.0,400.0,6000.0,36.72,450.68,1268.27,0.5,1.0,1.0,2.0,1.0,1.0,1.0,0.5,2.0,0.8931499999999999,0.5,2.0,1.0
CUST_0084,271.62,87.96,40.18,64.59,30.59,10.98,83.2,115.64,18.7,1682.39,6.27,1.63,283.35,552.2961111111111,99.812,39.72625,101.44333333333333,33.18666666666667,49.873333333333335,103.55999999999999,451.08142857142855,17.2825,2627.9392307692306,14.42,18.048333333333336,283.35,18.0,10.0,8.0,15.0,3.0,6.0,5.0,7.0,12.0,13.0,6.0,6.0,1.0,2648.42,430.14,75.47,273.02,41.91,144.22,249.79,958.31,36.47,6000.0,37.010000000000005,42.69,283.35,0.5,1.0,1.0,1.0,1.0,1.0,2.0,1.0,0.5,1.0,1.0,1.0,1.0
CUST_0085,1173.91,40.63,45.79,108.72,18.28,38.89,27.15,213.16,18.17,2236.91,9.47,4.85,460.9,515.7207692307692,40.52,71.91454545454546,243.7525,15.684285714285712,155.27142857142857,99.24933333333334,414.11642857142857,16.5125,3000.0,16.406,40.47571428571428,941.7239999999999,13.0,6.0,11.0,4.0,7.0,7.0,15.0,14.0,4.0,5.0,10.0,7.0,5.0,2523.92,55.99,244.84,501.41,24.75,432.96,296.55,1191.26,19.15,6000.0,60.44,131.01,2000.0,2.0,1.0,1.0,1.0,1.0,1.0,0.5,1.0,0.5,1.0,0.5,1.0,1.0
CUST_0086,144.49,13.58,389.55,123.86,6.24,50.84,347.58,67.58,5.92,389.78,5.58,36.99,596.83,116.65,12.749285714285715,225.885,472.4944444444444,6.5649999999999995,134.43190476190478,1032.3771428571429,520.2285714285714,6.095,2349.132222222222,14.217500000000001,219.71777777777777,578.347,8.0,14.0,12.0,9.0,2.0,21.0,7.0,7.0,6.0,9.0,4.0,9.0,10.0,255.68,46.76,992.27,1153.0400000000002,7.57,713.76,5000.0,808.8,12.11,6000.0,16.62,734.83,2000.0,1.0,1.0,0.5,1.0,1.0,0.5,0.5,0.5,1.0,0.5,1.0,1.0,0.5
CUST_0087,194.7,53.99,266.99,237.57,0.0,24.84,397.88,49.68,15.32,1628.36,14.92,26.22,666.43,176.798,32.160000000000004,286.79375,173.924,0.0,114.31916666666666,1023.21875,322.38176470588235,11.698749999999999,1803.368,27.700714285714287,70.8452,603.1283333333333,20.0,17.0,8.0,10.0,0.0,12.0,8.0,17.0,8.0,5.0,14.0,25.0,6.0,580.08,193.94,800.29,759.13,0.0,338.53,4049.3799999999997,750.34,32.51,3000.0,51.04,373.1,1495.1100000000001,0.6095100864553313,0.5,1.0,1.0,0.0,1.0,1.0,0.5,1.0,1.0,0.5,1.0,1.0
CUST_0088,848.07,61.22,57.22,741.22,26.48,17.36,30.93,146.99,64.37,1273.62,24.44,3.71,371.02,788.03,51.595,56.876,913.41,25.117142857142856,96.528,67.692,459.488,21.82764705882353,2084.6125,25.232999999999997,34.5775,363.3275,10.0,2.0,5.0,12.0,14.0,10.0,5.0,15.0,17.0,16.0,10.0,4.0,4.0,1889.97,94.07,77.46,2125.13,69.48,258.41,93.05,1000.0,63.599999999999994,5574.88,51.480000000000004,41.99,775.3,1.0,0.5,1.0,1.2600645986286572,1.0,0.5,1.0,1.0,1.0,2.0,2.0,1.0,0.5
CUST_0089,135.95,75.8,263.57,361.77,8.73,18.43,920.26,47.4,9.09,835.65,4.04,2.62,115.88,48.60285714285715,156.86727272727273,279.2725,302.6744444444444,7.713333333333334,112.14,2557.955,290.24555555555554,23.554444444444446,456.71375,10.6,22.958571428571425,136.555,7.0,11.0,4.0,9.0,3.0,9.0,4.0,9.0,9.0,8.0,3.0,7.0,4.0,130.26,500.0,503.79,848.29,8.34,224.15,5000.0,886.57,58.28,1486.76,12.41,56.519999999999996,302.83,1.0,0.5,1.0,0.5,1.0,2.0,0.5,1.0,0.5,0.5,0.5,0.5,1.0
CUST_0090,433.04,56.16,171.28,146.22,18.82,33.86,51.78,67.67,11.9,1118.32,8.45,13.32,823.81,424.3566666666666,60.10166666666667,159.57857142857142,240.89499999999998,29.161666666666665,77.515625,96.28923076923077,375.2,12.57,1797.566923076923,39.66,276.56,361.445,3.0,6.0,14.0,10.0,6.0,16.0,13.0,10.0,2.0,13.0,8.0,3.0,14.0,478.55,158.9,363.69,563.24,83.74,305.22,229.01,620.02,13.69,4464.54,64.5,554.55,1139.52,1.0,1.0,0.5,0.5,1.0,1.0,0.5,1.0,1.0,0.5,1.0,0.5,0.5
CUST_0091,355.71,101.84,106.01,475.73,11.98,16.04,779.81,160.64,354.74,1315.35,17.87,46.62,641.7,286.81,39.03272727272727,166.0247619047619,276.3781818181818,21.732222222222223,97.11444444444444,1885.636,336.71,340.778,1827.2795652173913,34.47272727272727,165.02875,623.75,3.0,11.0,21.0,11.0,18.0,9.0,5.0,13.0,15.0,23.0,11.0,16.0,3.0,711.24,170.46,602.75,643.38,85.41,220.99,6663.3,981.31,682.6700000000001,6000.0,110.07,640.6099999999999,989.52,1.0,1.0,0.5,2.0,2.0,1.0,0.5,2.0,0.5,1.0,0.5,1.0,1.0
CUST_0092,350.07,59.4,120.97,286.24,77.83,0.0,991.01,6.7,2.93,1055.12,6.27,29.46,19.98,242.92,54.33375,158.5275,719.3100000000001,47.68666666666667,0.0,895.3450000000001,364.04,2.7199999999999998,2354.977222222222,10.038,82.8409090909091,20.02,10.0,8.0,8.0,7.0,3.0,0.0,8.0,1.0,2.0,18.0,10.0,11.0,3.0,877.66,109.09,465.71000000000004,3580.47,100.62,0.0,4632.320000000001,364.04,3.25,6000.0,28.380000000000003,239.68,40.04,0.5,1.0,0.5,1.0,0.5,0.0,1.0,1.0,1.0,0.5,1.0,2.0,0.5
CUST_0093,28.11,60.17,376.72,209.27,15.1,5.48,157.72,31.73,299.25,574.66,5.91,0.88,478.69,26.825,60.2325,376.77,181.0666666666667,11.518,43.34285714285714,420.8875,144.24249999999998,124.11214285714286,2444.2475,25.272499999999997,18.064999999999998,325.47499999999997,4.0,4.0,4.0,9.0,5.0,7.0,4.0,12.0,14.0,8.0,12.0,6.0,6.0,33.46,77.48,920.33,444.05,33.18,63.58,1357.51,562.26,432.05,6000.0,90.85,68.85,1374.3999999999999,1.0,1.0,1.0,0.5,1.0,0.5,1.0,1.0,0.5,0.5,0.5084577114427861,0.5,1.0
CUST_0094,1135.43,248.04,0.0,296.03,25.2,5.24,1022.74,31.77,127.52,258.35,12.92,17.82,467.84,475.5513333333334,67.75833333333334,0.0,251.0285714285714,12.36,72.85249999999999,2402.318,434.3225,239.565,634.3223076923077,30.066000000000003,89.20818181818183,453.16285714285715,15.0,12.0,0.0,7.0,5.0,8.0,10.0,4.0,10.0,13.0,5.0,11.0,14.0,1824.01,391.45,0.0,595.27,22.47,105.85,7266.19,587.31,400.0,3364.58,55.6,401.73,2000.0,0.5,1.0,0.0,2.0,0.5,1.0,0.5,1.0,0.5,1.0,1.0,0.5,0.5
CUST_0095,0.0,47.42,138.39,56.48,44.18,3.69,185.24,102.33,288.99,2002.02,3.94,10.64,338.1,0.0,48.513333333333335,183.69,118.27,19.440714285714286,68.12,241.82999999999998,618.4288888888889,296.23,2327.4375,9.338333333333333,91.64,382.075,0.0,9.0,4.0,1.0,14.0,3.0,14.0,9.0,7.0,4.0,6.0,7.0,2.0,0.0,85.56,281.33,118.27,63.17,97.58,1818.09,1886.9,400.0,3000.0,14.45,230.61,508.83,0.0,1.0,1.0,1.0,1.0,0.5,1.0,0.5,1.0,1.0,0.5,1.0,1.0
CUST_0096,262.22,205.53,299.19,28.55,25.14,12.12,1116.71,4.81,6.58,222.36,15.48,5.52,717.08,268.99,66.503,302.3441666666667,100.155,17.95375,220.42333333333332,1194.598,51.464,6.59,215.53833333333333,28.76,76.53375,635.4633333333333,8.0,10.0,12.0,2.0,8.0,3.0,10.0,5.0,2.0,6.0,12.0,8.0,12.0,487.35,268.82,1000.0,153.98,31.61,270.81,5000.0,88.21000000000001,6.62,341.53,50.12,391.68,1434.33,1.0,0.5,0.5,1.0,1.0,1.0,0.5,1.0,1.0,1.0,0.5,1.0,0.5
CUST_0097,129.46,40.85,437.97,502.25,37.65,28.95,263.56,32.17,8.38,2275.36,18.35,3.14,102.99,266.4614285714286,46.58777777777778,199.93545454545455,490.675,37.32769230769231,111.492,594.2900000000001,347.53200000000004,9.25,3000.0,35.19266666666667,63.593333333333334,224.03666666666666,7.0,9.0,22.0,12.0,13.0,10.0,9.0,5.0,2.0,6.0,15.0,3.0,9.0,621.6,105.36,1000.0,1614.25,123.01,376.89,2639.09,781.89,10.38,3000.0,122.22,68.4,988.69,1.0,1.0,2.0,2.0,0.5,1.0,1.0,1.0,1.0,1.0,1.0,1.0,0.5
CUST_0098,537.05,83.98,207.84,14.39,21.84,9.62,38.3,46.92,31.69,141.77,13.21,117.98,361.52,805.088,70.853,171.63272727272727,28.525,10.852857142857143,118.36555555555555,96.20333333333333,507.47800000000007,87.1985,2297.385,23.2,346.23812499999997,323.50666666666666,10.0,10.0,11.0,4.0,7.0,9.0,6.0,10.0,20.0,8.0,12.0,16.0,3.0,1988.15,214.18,409.32,47.44,12.95,372.4,211.51,1391.62,409.62,6000.0,64.94,1391.67,587.52,0.5656313658426174,1.0,2.0,1.0,0.5,0.5,1.0,0.5,0.5,1.0,0.5,1.6004116977356626,0.5
CUST_0099,875.13,7.42,266.0,256.41,45.34,12.75,2630.29,162.5,114.78,1351.22,10.73,87.66,849.96,957.3683333333333,17.237142857142857,255.29000000000002,459.73249999999996,35.217600000000004,139.594,2687.773333333333,391.5852173913043,151.36266666666668,2150.120909090909,23.030833333333334,226.58347826086955,586.1483333333333,6.0,7.0,8.0,8.0,25.0,5.0,12.0,23.0,15.0,11.0,12.0,23.0,6.0,2653.87,28.3,802.44,1438.75,194.52,261.53,5000.0,1637.3,433.96,6214.96,97.78,1363.76,2000.0,1.0,1.0,0.5,1.0,1.0,1.0,1.0,1.0,1.0,0.5,1.0,0.5961521009165985,1.0
CUST_0100,651.07,46.33,104.57,115.16,40.6,27.5,405.0,20.28,30.83,3380.47,5.22,0.68,918.7,274.5111111111111,41.664,90.06666666666666,472.34777777777776,40.63181818181818,219.34428571428572,1762.6472727272726,261.5175,108.19666666666666,2896.9344444444446,13.116,21.3925,933.835,9.0,5.0,3.0,9.0,11.0,7.0,11.0,4.0,9.0,9.0,5.0,4.0,10.0,1100.08,56.96,217.95,1802.6399999999999,150.0,364.19,5080.15,627.38,400.0,3000.0,18.11,54.73,4000.0,0.5,1.0,1.0,0.5,1.0,0.5,1.0,1.0,1.0,1.0,1.0,1.7477148080438758,0.5
CUST_0101,499.18,13.13,44.83,449.43,7.77,1.79,268.92,8.92,101.06,124.75,9.13,20.93,559.82,569.4066666666666,13.13,87.315,592.9215384615385,7.832222222222222,49.075,623.3453846153845,484.46,132.35857142857142,746.83,20.346666666666668,414.9266666666667,400.2666666666667,12.0,1.0,4.0,13.0,9.0,2.0,13.0,1.0,7.0,5.0,9.0,3.0,6.0,2218.78,13.13,193.0,3259.1,17.060000000000002,52.52,2474.41,484.46,400.0,1394.17,45.03,481.24,700.72,1.0,1.0,1.0,1.0,0.5,1.0,1.0,1.0,1.0,0.5,1.0,1.0,1.0
CUST_0102,281.48,33.12,559.32,79.03,14.98,0.0,21.65,42.55,190.02,2007.17,28.11,14.97,21.04,299.42,33.99714285714286,275.1942857142857,105.75083333333333,12.6825,0.0,59.48,466.58000000000004,74.3225,3000.0,25.421333333333333,56.781875,20.136000000000003,6.0,7.0,14.0,12.0,8.0,0.0,3.0,5.0,24.0,2.0,15.0,16.0,5.0,818.41,96.01,559.34,396.28,24.32,0.0,65.51,671.8,400.0,3000.0,136.75,445.88,46.33,1.0,1.0,0.5,1.0,1.0,0.0,1.0,1.0600695706349619,1.7098459127709584,1.0,2.0,1.0,0.5
CUST_0103,1380.68,29.39,58.16,311.65,42.24,11.29,68.73,10.28,73.38,1446.72,20.17,4.19,466.86,605.9522727272728,30.46,58.884,419.436,42.239999999999995,60.01523809523809,144.66555555555556,102.24,127.78857142857143,2520.8025000000002,22.458,24.097,568.28,22.0,2.0,5.0,10.0,2.0,21.0,9.0,4.0,14.0,12.0,5.0,10.0,12.0,3692.19,31.83,118.93,2119.45,42.33,308.16999999999996,252.52,147.17,427.3,3000.0,60.64,65.8,1968.59,0.5,1.0,1.0,1.0,1.0,0.5,1.0,1.0,0.5,1.0,2.0,0.5,1.0
CUST_0104,152.0,306.84,353.84,39.79,7.83,8.9,463.25,28.25,86.59,1684.91,17.63,32.84,592.06,261.49,115.625,320.25,71.295,11.688749999999999,60.82625,1045.4883333333335,307.146,221.84444444444443,2398.686875,25.7404,104.94949999999999,528.3328571428572,8.0,10.0,2.0,2.0,8.0,8.0,12.0,5.0,9.0,16.0,25.0,20.0,7.0,956.04,479.40000000000003,462.82,79.94,29.14,177.68,5145.94,611.42,400.0,9000.0,110.25,569.22,1167.33,0.5,1.0,1.0,0.5,1.0,0.5,1.0,1.0,0.5,1.0,1.0,1.0,0.5
CUST_0105,2651.24,80.31,241.06,49.5,9.42,15.37,93.5,11.81,20.45,1847.14,12.23,45.79,676.68,1155.879090909091,111.53333333333335,186.2411111111111,224.31,9.74875,83.014,192.41636363636363,159.95499999999998,18.52,1839.6262499999998,25.465833333333336,250.88299999999998,553.8050000000001,11.0,6.0,18.0,5.0,8.0,10.0,11.0,2.0,4.0,8.0,12.0,10.0,2.0,3048.54,232.84,460.56,332.89,15.79,307.27,535.59,222.78,37.12,4609.86,64.19,941.91,1083.98,1.0,0.5,1.2113452767758666,0.5,1.0,1.0,0.5,2.0,1.0,1.0,0.5,2.0,1.0
CUST_0106,1066.43,77.47,95.34,50.54,0.0,28.37,51.82,65.09,84.67,700.41,18.78,33.96,238.68,1226.555,63.01666666666667,90.63222222222221,120.98428571428572,0.0,175.56777777777776,119.72,716.704,234.94583333333333,1980.396875,34.747142857142855,207.67222222222222,476.05100000000004,6.0,3.0,9.0,7.0,0.0,9.0,9.0,5.0,12.0,16.0,7.0,9.0,10.0,1757.55,162.55,211.41,373.89,0.0,353.39,196.66,1000.0,555.48,4587.3099999999995,80.0,530.74,1463.76,1.0,1.0,1.0,0.5,0.0,0.6423032998737753,0.5,1.0,0.5,0.5,1.0,1.0,0.5
CUST_0107,201.8,49.72,99.73,0.0,32.13,12.47,39.24,43.4,10.3,2187.01,10.18,1.63,13.18,229.4283333333333,43.992000000000004,199.551,0.0,50.144444444444446,113.84166666666668,67.59642857142858,363.1615384615385,23.23071428571429,3000.0,21.02090909090909,24.837500000000002,13.18,6.0,10.0,10.0,0.0,9.0,6.0,14.0,13.0,14.0,4.0,11.0,4.0,1.0,355.4,124.62,656.19,0.0,69.19,191.59,177.95,1211.42,70.33,3000.0,75.71000000000001,67.98,13.18,1.0,1.0,0.5,0.0,0.5,1.0,0.5,0.5,0.5,1.0,1.0,1.0,1.0
CUST_0108,645.78,73.87,603.25,245.66,62.9,13.77,210.71,90.96,8.22,301.45,5.41,29.18,1228.6,543.48,57.14625,496.95363636363635,333.1218181818182,26.900769230769228,258.8533333333333,1098.515,417.56916666666666,16.275000000000002,2000.3100000000002,13.790000000000001,172.696,556.1076923076923,9.0,8.0,11.0,11.0,13.0,3.0,6.0,12.0,12.0,15.0,5.0,20.0,13.0,1693.45,171.09,946.8,1611.39,78.69,448.09,3209.47,964.47,40.96,6000.0,19.95,823.4,1548.26,1.0,1.0,2.0,1.0,0.5,1.0,1.0,1.843227535192663,1.0,0.5,1.0,1.0,1.0
CUST_0109,115.04,68.36,123.47,973.22,13.46,27.89,591.39,38.15,175.45,57.75,12.14,19.45,501.9,119.735,52.72846153846154,106.00666666666666,598.105,11.760000000000002,129.22583333333333,1429.4966666666667,422.2610000000001,210.49749999999997,227.377,26.496,168.92857142857142,501.93375000000003,8.0,13.0,18.0,4.0,5.0,12.0,6.0,10.0,12.0,10.0,10.0,7.0,8.0,195.93,110.81,409.16,1229.04,17.92,402.75,3805.35,700.98,400.0,570.17,54.5,614.57,1161.27,1.0,0.5,1.0,1.0,1.0,1.0,1.0,1.0,1.0,0.5,0.5,1.0,1.0
CUST_0110,733.14,145.28,460.09,95.63,34.14,15.44,1322.45,91.38,400.0,1582.11,7.88,12.06,480.19,648.409,120.81555555555555,187.7990476190476,102.8725,35.358,165.246,3434.614,550.6333333333333,400.0,2103.663888888889,18.088,184.91,580.819,10.0,18.0,21.0,16.0,5.0,5.0,5.0,9.0,6.0,18.0,5.0,4.0,10.0,1389.49,497.12,766.77,215.36,65.05,397.53000000000003,5000.0,1218.53,400.0,12000.0,32.62,349.07,2174.29,1.0,1.0,0.5,0.5,0.5,0.5,1.0,1.0,0.5,1.0,0.5,1.0,1.0
CUST_0111,96.51,20.26,126.74,550.72,48.38,5.77,661.14,3.29,211.04,283.33,5.11,7.42,134.96,90.23666666666666,21.56625,124.92333333333333,663.65,39.97818181818182,79.07000000000001,608.5814285714285,178.83,225.286,504.4416666666666,10.424545454545454,50.462222222222216,102.70533333333333,3.0,8.0,12.0,12.0,11.0,4.0,14.0,1.0,5.0,6.0,11.0,9.0,15.0,118.62,32.42,275.13,2500.0,85.15,163.64000000000001,3401.66,178.83,427.67,1204.69,22.22,109.25,878.37,0.5,1.0,1.0,1.0,0.5,1.0,1.0,0.5,1.0,1.0,0.926610644257703,1.0,1.0
CUST_0112,487.81,441.23,104.85,362.53,9.68,18.51,46.33,11.77,15.57,335.89,10.72,49.56,600.4,408.6475,126.86666666666666,107.0975,368.8833333333334,11.169166666666667,82.93416666666667,78.56666666666666,318.075,15.41,2008.5025,24.76625,200.3578571428571,436.53846153846155,4.0,15.0,4.0,6.0,12.0,12.0,15.0,2.0,2.0,8.0,8.0,14.0,13.0,868.36,584.25,139.26,913.03,48.24,341.06,265.9,438.57,17.32,3000.0,64.82,1077.6799999999998,1305.3600000000001,1.0,1.0,0.5,2.0,1.0,1.0,0.5,0.5,1.0,1.0,1.0,1.0,1.0
CUST_0113,787.75,88.49,375.74,125.72,16.89,11.88,429.28,19.4,52.76,4374.96,17.61,9.98,662.39,777.2075,58.10066666666667,398.9971428571429,170.9823076923077,20.61,109.38666666666667,776.8594736842106,173.58800000000002,9.613333333333333,2656.884,45.49666666666667,123.934,585.1758333333333,4.0,15.0,7.0,13.0,4.0,6.0,19.0,5.0,6.0,5.0,3.0,5.0,12.0,872.49,269.08,945.96,570.95,41.88,130.58,3964.33,205.41,34.09,3000.0,56.9,315.62,1541.33,1.0,1.0,0.5,1.0,0.5,1.0,1.0,1.0,1.0,2.0,1.0,1.0,1.0
CUST_0114,696.74,6.08,131.71,2101.06,18.46,35.53,702.55,43.42,56.36,2088.5,8.92,31.4,289.35,783.1800000000001,6.08,111.04,1145.642857142857,15.358333333333334,121.55375000000001,952.44375,344.9707142857143,70.4752380952381,2307.1275,36.733333333333334,395.48699999999997,280.6433333333333,5.0,1.0,5.0,7.0,24.0,8.0,8.0,14.0,21.0,4.0,15.0,10.0,6.0,1372.28,6.08,310.74,2603.85,52.82,285.67,3020.13,880.4300000000001,490.24,3000.0,84.12,1007.1600000000001,1141.97,1.0,1.0,0.5,1.0,1.0,2.0,1.0,0.5,1.0,1.0,0.5,1.0,0.5
CUST_0115,237.47,33.61,253.03,52.67,34.96,7.21,759.38,34.01,202.75,2117.22,5.35,22.37,154.66,263.226,32.774,217.664,75.68846153846154,35.35125,131.64000000000001,827.3333333333334,464.9925,155.88166666666666,1799.7154545454543,21.527142857142856,119.31545454545454,211.48923076923077,5.0,5.0,10.0,13.0,8.0,3.0,9.0,4.0,12.0,11.0,14.0,11.0,26.0,504.38,38.12,428.74,436.1,74.52,154.22,2371.49,938.6700000000001,407.62,4674.780000000001,44.81,599.4000000000001,1386.01,1.0,0.5,1.0,1.0,0.5,0.5,1.0,1.0,0.5,2.0,0.5,1.0,2.0
CUST_0116,247.1,108.47,196.96,90.85,34.91,23.16,716.91,172.78,353.21,993.66,13.97,0.3,206.19,439.63,34.26153846153846,153.57538461538462,182.62761904761905,34.282,134.36368421052632,1648.8088888888888,401.52833333333336,201.64444444444445,1910.1860000000001,33.00714285714286,3.596,394.1455555555556,16.0,13.0,13.0,21.0,5.0,19.0,9.0,18.0,9.0,10.0,7.0,5.0,9.0,1796.12,87.34,631.01,1123.5,78.11,587.02,5000.0,1591.8200000000002,400.0,6695.5,83.63,5.21,1027.22,0.5,2.0,0.5,2.0,1.0,1.0,1.0,1.0,1.0,1.0,1.0,1.0,1.0
CUST_0117,335.31,14.31,192.29,364.01,59.97,15.17,636.24,154.32,13.74,1645.74,12.11,42.18,200.91,158.53916666666666,30.195,194.13,362.37874999999997,25.097391304347827,59.50785714285714,1743.0857142857144,436.4046153846154,13.625714285714285,2439.508181818182,30.356666666666666,159.84625,152.57285714285715,12.0,14.0,2.0,8.0,23.0,14.0,7.0,13.0,7.0,11.0,6.0,16.0,7.0,317.98,117.04,285.91,1324.64,91.9,175.63,5000.0,1186.57,30.15,6000.0,58.49,837.1,492.18,0.5,2.0,1.0,1.0,0.5,1.0,1.0,1.0,1.0,1.0,1.0,0.5,1.0
CUST_0118,336.39,0.0,117.28,119.3,20.32,6.58,233.13,77.8,31.44,2433.9,30.47,57.19,268.59,481.44588235294117,0.0,61.895,229.73600000000002,39.464615384615385,45.01375,388.6825,389.99545454545455,28.67,2592.941428571429,60.41545454545454,92.77117647058824,379.66727272727275,17.0,0.0,10.0,5.0,13.0,8.0,8.0,11.0,6.0,7.0,11.0,17.0,11.0,1758.4499999999998,0.0,179.69,640.89,71.67,92.35,1421.04,1287.95,64.49000000000001,6000.0,122.34,603.3900000000001,972.7,0.5,0.0,1.0,1.0,1.0,1.0,0.5,1.0,1.0,1.0,1.0,1.0,0.5
CUST_0119,913.96,47.43,420.34,140.77,23.62,0.0,551.87,41.72,244.76,1655.26,0.0,9.92,398.53,976.6212499999999,59.571666666666665,452.9275,245.12727272727273,15.793333333333335,0.0,1943.5871428571427,571.795,112.91600000000001,1409.076,0.0,152.92000000000002,424.54999999999995,8.0,12.0,4.0,11.0,6.0,0.0,14.0,4.0,10.0,5.0,0.0,4.0,2.0,2489.42,223.31,1000.0,763.43,45.379999999999995,0.0,5589.66,676.11,438.88,2481.71,0.0,201.21,483.71,1.0,1.0,0.5,1.0,1.0,0.0,1.0,1.0,1.0,1.0,0.0,1.0,1.0
CUST_0120,544.22,13.41,90.04,273.2,3.96,57.42,278.67,161.46,256.71,3864.14,18.9,5.43,133.85,424.68000000000006,9.1875,84.268,350.67533333333336,5.867,99.925625,1288.4290909090907,414.9281818181818,303.4525,1535.6028571428571,20.5685,27.574,142.84666666666666,11.0,8.0,5.0,15.0,10.0,16.0,11.0,22.0,8.0,14.0,20.0,10.0,3.0,1086.56,12.27,276.53,1741.3999999999999,16.75,338.07,4605.75,1629.33,400.0,3000.0,67.92,66.49,271.11,1.0,0.5,1.0,0.5,1.0,0.5,1.0,1.0,0.5,2.0,1.3969204448246364,1.0,1.0
CUST_0121,801.32,38.57,83.38,652.09,18.1,31.38,68.57,35.36,400.0,1816.79,18.48,2.27,1321.4,649.5338888888889,55.943999999999996,167.31,291.89875,15.608,108.648125,199.91,240.86875,400.0,2483.201,16.56,34.33,652.354,18.0,5.0,13.0,16.0,15.0,16.0,1.0,8.0,4.0,10.0,17.0,4.0,10.0,2221.7400000000002,162.41,522.94,1612.53,53.84,305.21,199.91,441.95,400.0,3000.0,53.99,53.54,2100.24,0.5,0.5,1.0,2.0,1.0,1.0,1.0,0.5,1.0,1.0,2.0,1.0,1.0
CUST_0122,89.57,130.85,92.2,533.19,31.98,31.45,816.88,45.14,9.95,165.72,9.63,5.84,137.9,89.57,144.57875,70.144,834.63,31.069411764705887,248.31428571428572,2014.4342857142856,500.63199999999995,10.67,309.54499999999996,13.405000000000001,257.22333333333336,63.285,1.0,8.0,5.0,8.0,17.0,7.0,7.0,5.0,3.0,10.0,6.0,3.0,4.0,89.57,576.03,152.54,2504.3999999999996,139.25,376.16,5000.0,884.61,12.01,1560.53,18.68,763.33,112.89,0.5,1.0,1.0,1.0,0.5,1.0,0.5,1.0,1.0,1.0,1.0,1.0,1.0
CUST_0123,318.16,15.62,271.27,436.43,10.07,31.34,21.49,145.74,7.64,838.37,2.84,12.42,324.55,499.82652173913044,19.23,237.095,625.76375,12.135714285714286,127.63714285714286,60.605000000000004,441.89866666666666,7.9075,854.492,13.959999999999999,175.3111111111111,262.2525,23.0,3.0,6.0,16.0,7.0,7.0,2.0,15.0,4.0,5.0,7.0,9.0,8.0,1373.27,27.73,498.43,2814.14,37.03,266.15999999999997,63.83,903.95,11.53,3000.0,35.39,446.8,593.07,0.5,1.0,1.0,1.0,1.0,1.0,1.0,0.5,0.5,1.0,1.0,0.5,1.0
CUST_0124,17.34,19.83,113.32,395.47,18.73,3.02,1402.49,18.15,4.38,1209.15,11.46,49.63,163.58,19.866666666666667,19.7,119.01333333333332,664.6279999999999,17.86625,27.718333333333334,2971.407,332.6466666666667,14.048499999999999,2106.6707142857144,24.549999999999997,418.3114285714286,305.7646153846154,3.0,10.0,3.0,10.0,8.0,6.0,10.0,3.0,20.0,14.0,9.0,7.0,13.0,29.81,91.33000000000001,138.29,2500.0,47.489999999999995,48.34,9669.630000000001,590.44,53.55,6000.0,43.98,800.0,1269.06,1.0,1.0,1.0,1.0,1.0,1.0,1.0,1.0,0.5,1.0,1.0,0.5,1.483790523690773
CUST_0125,622.88,329.91,150.16,129.08,18.73,5.99,129.21,59.82,222.8,3747.9,15.47,18.53,851.83,296.6923529411765,181.49,130.10666666666665,281.54,28.39375,109.67333333333333,282.98833333333334,388.5470588235294,271.78833333333336,2366.2428571428572,29.328181818181818,176.12,715.6528571428571,17.0,8.0,6.0,2.0,8.0,3.0,6.0,17.0,6.0,14.0,11.0,13.0,7.0,1096.8700000000001,574.75,262.75,331.75,58.26,117.92,1089.96,903.91,400.0,9000.0,54.21,849.86,2000.0,1.928359206061778,2.0,1.0,1.0,0.5,1.0,0.5,1.0,1.0,1.0,1.0,1.0,0.5
CUST_0126,244.98,54.31,298.89,138.07,14.05,23.45,916.27,24.4,118.79,970.13,23.52,89.09,847.32,237.77666666666664,18.240000000000002,238.11333333333334,366.005,24.11125,67.45736842105264,1453.7315,444.0166666666667,162.6290909090909,1643.3781818181817,18.30875,771.01,323.4364285714286,9.0,13.0,9.0,2.0,8.0,19.0,20.0,3.0,11.0,11.0,16.0,7.0,14.0,612.54,78.94,911.28,485.14,60.230000000000004,282.39,5046.59,524.69,588.63,3702.16,67.88,1600.0,1159.98,0.5,1.0,1.0,1.0,1.0,0.5,1.5935238095238096,1.0,0.5,1.5386025327704955,0.5,1.0,0.5
CUST_0127,356.96,127.24,424.06,102.82,26.54,26.85,22.87,99.63,7.34,388.69,14.7,37.98,950.71,299.0566666666667,127.12428571428572,173.87,302.4116666666667,13.790000000000001,146.967,90.49846153846154,346.84499999999997,7.115,2348.2257142857147,17.208571428571428,228.70222222222225,950.34,3.0,7.0,11.0,6.0,4.0,10.0,13.0,8.0,2.0,7.0,14.0,9.0,2.0,626.4,259.25,530.55,952.05,22.51,366.84000000000003,209.22,693.04,7.43,3000.0,48.2,713.99,953.72,1.0,0.5,1.0,1.0,0.5,0.5,0.5,0.5,1.0,1.0,1.0,0.5,0.5
CUST_0128,184.22,30.75,372.48,138.63,6.7,25.14,335.95,39.11,754.98,2007.17,13.56,3.96,481.55,368.0006666666667,54.14000000000001,334.7923076923077,238.81357142857146,6.720000000000001,114.12166666666667,802.98,265.32,255.59235294117644,3000.0,29.672000000000004,26.614444444444445,324.5083333333334,15.0,3.0,13.0,14.0,5.0,6.0,16.0,8.0,17.0,2.0,10.0,9.0,6.0,1754.48,90.84,1000.0,1391.7,10.84,238.36,4969.26,515.38,851.72,3000.0,65.22,93.13,1332.15,1.0,1.0,1.0,1.2524601289446895,1.0,2.0,1.0,1.0,1.0,1.0,1.0,1.0,1.0
CUST_0129,415.53,360.38,169.2,679.83,10.17,4.24,702.57,193.81,15.22,2594.4,15.85,36.42,44.1,463.4428571428571,360.38,224.63000000000002,368.3282608695652,9.856,46.634,682.163125,385.97285714285715,12.214285714285714,2317.0969230769233,43.118,193.65363636363637,44.1,7.0,1.0,7.0,23.0,5.0,5.0,16.0,14.0,14.0,13.0,5.0,11.0,1.0,792.47,360.38,506.7,1953.44,16.67,75.23,2915.54,1072.08,32.39,3317.94,80.0,567.66,44.1,1.0,1.0,1.0,2.0,0.5,1.0,0.5,2.0,0.5,1.0,1.0,1.0,1.0
CUST_0130,1278.2,36.51,514.45,162.5,36.71,28.26,472.32,67.71,243.16,397.1,9.18,67.03,686.73,1008.4453846153847,25.522,215.68833333333333,340.3,38.905,129.35333333333332,2077.2263636363637,370.7383333333333,217.39285714285714,604.518,36.50153846153846,211.84666666666666,476.334,13.0,5.0,18.0,1.0,2.0,6.0,11.0,12.0,7.0,10.0,13.0,9.0,5.0,2500.0,51.19,981.3199999999999,340.3,46.93,229.93,7404.02,772.17,416.16,3138.36,103.05,582.77,996.68,1.0,1.0,0.5,0.5,1.0,1.0,0.5,1.0,1.0,0.5,0.5,1.0,1.0
CUST_0131,209.26,0.0,413.87,1449.99,6.01,8.02,215.47,271.25,5.11,127.07,8.0,19.21,264.03,165.37333333333333,0.0,359.79,796.994,11.621500000000001,86.352,910.0999999999999,631.6895833333333,20.901999999999997,237.95,18.906,136.63777777777779,205.579,9.0,0.0,5.0,5.0,20.0,5.0,8.0,24.0,5.0,7.0,5.0,18.0,10.0,540.08,0.0,773.75,2368.96,52.95,163.76999999999998,5000.0,2293.73,49.900000000000006,598.8,53.0,726.17,597.23,0.5,0.0,1.0,0.5,2.0,1.0,1.0,1.0,1.0,1.0,1.0,0.5,0.5
CUST_0132,731.78,11.87,108.05,22.09,18.22,27.62,516.25,41.45,36.79,410.41,14.78,5.08,488.02,314.8772727272727,29.698333333333334,108.05,42.08,32.96846153846154,266.125,964.2511111111112,285.595,39.83307692307692,906.4749999999999,31.467777777777776,75.94999999999999,399.3830769230769,11.0,6.0,1.0,2.0,13.0,8.0,18.0,8.0,13.0,8.0,9.0,4.0,13.0,937.83,72.51,108.05,50.84,129.94,636.77,6267.6,384.67,283.25,2409.12,87.52,80.19,1068.11,2.0,1.0,1.0,0.5,1.0,1.0,1.0,1.0,0.5,0.5,1.0,0.5,1.0
CUST_0133,168.69,16.26,161.3,270.87,16.48,8.18,1594.18,446.47,127.92,410.44,16.17,29.59,746.73,339.23285714285714,30.257272727272724,140.8876923076923,269.77333333333337,24.52285714285714,203.8166666666667,2015.882,488.0524,131.88333333333333,1770.3488888888887,35.78666666666667,181.30888888888887,518.8080952380953,7.0,11.0,13.0,12.0,7.0,3.0,5.0,25.0,12.0,9.0,6.0,9.0,21.0,671.1,97.75,604.12,818.38,44.17,236.71,5000.0,1378.84,403.35,3100.85,96.56,790.55,2505.04,1.0,0.5,0.5,1.0,0.7382179675994109,1.0,1.0,0.5,0.5,0.5,0.5,1.0,1.0
CUST_0134,857.99,39.01,82.83,68.06,18.09,9.41,0.0,12.84,45.96,3009.38,19.15,0.95,289.69,857.99,24.435499999999998,83.4525,198.1076923076923,28.13,174.90666666666667,0.0,140.762,13.625,2418.4326666666666,41.73222222222223,8.795714285714286,278.04200000000003,1.0,20.0,4.0,13.0,8.0,3.0,0.0,5.0,4.0,15.0,9.0,7.0,5.0,857.99,76.94,104.72,385.88,51.540000000000006,290.17,0.0,181.63,28.79,6000.0,132.77,11.02,508.58,1.0,0.5020620794443238,1.0,1.0,0.5,1.0,0.0,0.5,2.0,0.5,1.0,0.5,0.5
CUST_0135,77.24,40.37,285.18,564.26,26.43,1.89,257.89,52.83,25.97,2137.02,20.16,44.46,417.07,175.92666666666665,37.404545454545456,283.76666666666665,1011.9899999999999,12.3925,51.805,539.6483333333333,288.932,24.052857142857142,2962.626666666667,31.242142857142856,212.38166666666666,416.6636363636364,9.0,11.0,3.0,3.0,4.0,2.0,6.0,10.0,7.0,6.0,14.0,12.0,11.0,505.84,157.09,349.63,1365.51,17.93,52.71,2491.27,537.8,53.53,3000.0,132.7,536.69,2000.0,1.0,1.0,1.0,1.0,1.0,1.0,1.0,1.0,1.0,0.5,0.5,0.5,1.900196463654224
CUST_0136,300.26,88.14,473.38,142.92,20.77,28.36,581.8,133.46,248.01,1227.63,4.02,25.74,503.58,235.4257142857143,42.844210526315784,211.03466666666665,307.32375,19.558333333333334,121.88384615384615,1400.592,464.109375,299.82666666666665,2431.605,11.26,168.64000000000001,491.84666666666664,7.0,19.0,15.0,8.0,6.0,13.0,5.0,16.0,9.0,10.0,1.0,20.0,3.0,562.9,121.39,961.98,733.32,49.56,421.28,3629.49,1110.9099999999999,675.85,3000.0,11.26,620.73,1070.12,1.0,0.5,0.5,0.5,1.0,0.5,1.0,1.0,2.0,0.5,1.0,0.5,1.0
CUST_0137,128.39,70.58,322.39,89.06,17.19,36.08,1328.65,22.21,277.23,216.24,15.23,0.05,254.27,281.8975,44.34,190.32875,112.72625000000001,33.28380952380952,126.76625,1479.389,405.825,275.9506666666667,2443.9784615384615,18.122500000000002,2.98,419.2838095238095,8.0,6.0,8.0,8.0,21.0,16.0,10.0,6.0,15.0,13.0,4.0,1.0,21.0,523.99,72.58,628.59,213.66000000000003,193.04,286.98,4436.2699999999995,797.13,520.81,6000.0,39.2,2.98,2000.0,1.0,2.0,1.0,0.5,0.5,0.5,1.0,1.0,1.0,1.0,0.5,1.0,0.5
CUST_0138,588.51,81.9,60.09,937.52,32.84,26.0,1297.79,25.2,37.19,2073.36,6.85,0.24,483.4,272.1072727272727,83.34555555555556,53.104285714285716,1456.33,28.134761904761906,80.94083333333333,2033.006,684.515,96.26666666666667,2074.4333333333334,15.76,6.296666666666667,335.7042857142857,11.0,9.0,7.0,8.0,21.0,12.0,20.0,2.0,12.0,3.0,7.0,3.0,7.0,656.65,246.21,101.31,2500.0,80.04,306.9,6324.61,878.8,403.55,3000.0,30.869999999999997,8.12,1684.04,2.0,0.5,1.0,1.0,1.0,0.5,0.6470199999999999,0.5,0.5,1.0,1.0,1.0,0.5
CUST_0139,259.35,73.64,58.79,72.57,20.96,46.71,579.74,96.87,10.71,671.83,35.12,67.51,965.24,243.62666666666667,51.742,58.79,107.85333333333331,22.075714285714287,194.22230769230768,1197.956153846154,377.56,14.023333333333333,2469.027,42.013999999999996,233.09133333333332,448.915,3.0,5.0,1.0,3.0,7.0,13.0,13.0,7.0,9.0,10.0,5.0,15.0,18.0,501.34,110.82,58.79,267.23,78.12,406.68,4437.14,874.04,30.45,6000.0,65.92,621.98,2405.91,0.5,1.0,1.0,1.0,1.0,1.0,1.0,0.5,0.8598574821852731,1.0,1.0,1.3978397486252945,2.0
CUST_0140,99.38,36.65,130.8,429.47,22.41,37.08,1409.45,12.74,23.13,961.65,22.44,0.13,433.86,170.45416666666668,82.87375,133.75,455.85823529411766,23.028,203.82999999999998,3767.99,344.26,18.30857142857143,2613.063076923077,57.150000000000006,2.5733333333333333,903.0550000000001,12.0,8.0,10.0,17.0,5.0,5.0,4.0,2.0,21.0,13.0,4.0,3.0,4.0,518.3,121.19,495.48,1817.82,29.52,332.71,5000.0,469.54,55.47,9000.0,58.31,3.05,2000.0,1.0,0.5,1.0,0.5,1.0,1.0,1.0,1.0,1.0,0.5,1.0,0.5,1.0
CUST_0141,552.35,90.88,112.32,154.62,23.51,18.12,0.0,56.46,607.58,4199.36,8.82,3.81,569.18,351.2322222222222,80.38545454545455,101.74842105263158,196.49818181818182,25.34,49.964,0.0,293.30100000000004,266.5775,2519.0172727272725,16.873333333333335,56.83,490.75,9.0,11.0,19.0,11.0,9.0,10.0,0.0,10.0,8.0,11.0,9.0,4.0,13.0,2368.96,247.51,479.88,777.4100000000001,56.22,108.67,0.0,963.46,400.0,6000.0,51.25,87.43,1234.41,2.0,1.0,0.5,0.5,0.5,1.0,0.0,1.0,1.0,1.0,1.0,1.0,0.5
CUST_0142,754.06,170.7,464.4,677.59,45.52,49.53,40.12,93.42,370.46,1709.74,37.78,1.79,268.57,234.41714285714286,156.40375,466.1038461538462,637.115,40.717777777777776,199.5091666666667,109.79666666666667,325.89846153846156,191.68652173913043,2461.3226666666665,44.09307692307693,13.714285714285714,203.96833333333333,21.0,8.0,13.0,18.0,18.0,12.0,3.0,13.0,23.0,15.0,13.0,7.0,12.0,1528.38,454.09,1517.22,2505.68,117.42,500.0,118.97,729.77,502.43,6000.0,96.65,38.11,1325.56,2.0,0.5,0.5,1.720720720720721,0.5,0.8207031752153234,1.0,1.2137350534927627,0.5,1.0,0.5,1.0,1.0
CUST_0143,144.73,68.59,262.2,144.15,15.29,21.28,235.22,14.61,49.34,486.2,13.8,32.55,1040.03,103.60799999999999,78.88846153846154,133.8175,295.93333333333334,12.431666666666667,118.43800000000002,613.806129032258,196.98250000000002,188.14285714285714,988.4350000000001,21.81888888888889,185.178,1142.4183333333333,5.0,13.0,8.0,3.0,6.0,20.0,31.0,4.0,7.0,2.0,9.0,10.0,6.0,217.59,198.34,237.45,367.09,18.87,299.66,4036.81,533.71,669.8199999999999,1254.18,52.24,481.17,2000.0,1.0,0.9574893506041902,0.5,1.0,1.0,0.5,0.5,1.0,0.5,1.0,1.0,1.0,1.0
CUST_0144,130.81,22.45,469.86,461.07,17.98,17.94,29.24,254.99,235.65,709.61,4.85,14.94,621.54,374.9316666666666,19.107999999999997,484.575,543.329,38.916363636363634,490.44,104.42428571428572,395.3511111111111,131.18,868.0057142857142,11.8525,146.08666666666667,492.74142857142857,6.0,10.0,6.0,10.0,11.0,2.0,7.0,18.0,5.0,7.0,8.0,6.0,7.0,1484.82,38.32,969.86,1914.95,93.65,500.0,210.53,1185.52,304.18,2478.26,32.46,294.66,959.4000000000001,1.0,1.0,0.5,1.0,0.5,1.0,0.6908988591599735,0.5,1.0,1.0,0.7854518736223365,1.0,1.0
CUST_0145,224.34,16.13,132.66,82.71,12.13,56.97,633.74,0.0,7.65,1337.42,17.71,18.74,461.27,123.22666666666667,16.565,113.65,143.16500000000002,12.611428571428572,93.40176470588234,1701.6979999999999,0.0,18.06714285714286,1671.2715789473684,28.028181818181817,142.535,421.6766666666667,6.0,6.0,9.0,4.0,7.0,17.0,5.0,0.0,7.0,19.0,11.0,8.0,6.0,277.8,23.02,328.82,332.85,25.23,459.89,3471.26,0.0,32.13,6000.0,54.74,635.48,882.99,1.0,1.0,0.5,0.5,0.5,1.0,1.0,0.0,0.5,2.0,1.0,0.5,0.5
CUST_0146,635.82,8.1,622.73,0.0,15.77,6.88,67.16,82.69,17.94,402.06,28.12,31.2,344.23,493.09999999999997,15.768333333333333,618.885,0.0,14.419999999999998,93.8975,174.84666666666666,534.7776470588235,19.062727272727273,2092.1225,48.218,623.44,317.32875,9.0,6.0,2.0,0.0,5.0,4.0,6.0,17.0,11.0,16.0,10.0,3.0,8.0,1160.21,25.34,630.3,0.0,30.6,140.32,272.55,1739.48,42.69,4373.3,144.76,665.74,901.12,1.0,1.0,1.0,0.0,1.0,1.0,1.0,0.5,0.5,1.0,1.0,0.5,0.5
CUST_0147,203.49,75.18,296.46,80.2,10.89,12.31,1052.54,126.13,21.65,1512.61,19.84,10.7,556.82,158.57066666666665,92.93666666666667,252.15250000000003,197.62,10.89,75.41888888888889,2008.6592857142857,405.0670588235294,22.904,2093.0570588235296,22.448333333333334,236.34666666666666,556.82,15.0,9.0,12.0,4.0,1.0,9.0,14.0,17.0,5.0,17.0,6.0,3.0,1.0,520.41,328.61,934.96,483.42,10.89,132.58,5000.0,1302.55,31.58,4610.85,43.55,535.51,556.82,1.0,0.5,1.0,1.0,1.0,1.0,1.0,1.0,1.0,0.5,2.0,1.0,1.0
CUST_0148,711.38,43.86,363.12,128.27,31.15,5.57,36.73,67.98,10.06,2126.7,10.87,33.78,932.92,556.735,44.82214285714286,375.39000000000004,278.71714285714285,31.198571428571427,61.314,77.48769230769231,315.31916666666666,23.40125,2772.276428571429,18.27764705882353,176.8344,775.6425,8.0,14.0,4.0,7.0,7.0,5.0,13.0,12.0,16.0,14.0,17.0,25.0,4.0,2172.92,121.14,632.36,1260.61,71.78999999999999,94.27,158.7,646.8,62.45,6000.0,68.22,700.4,1436.17,1.0,1.0,1.0,1.0,1.0,0.5,1.0,1.0,1.0,0.9550066666666667,0.5,0.5,1.0
CUST_0149,122.58,13.86,146.14,38.32,21.27,20.49,470.29,17.26,102.68,753.43,0.0,39.81,491.48,260.76714285714286,12.64875,116.3625,50.925,22.605999999999998,103.23636363636363,2287.915,127.91199999999999,103.58923076923078,2142.4282352941177,0.0,90.42928571428571,558.686,14.0,8.0,8.0,4.0,15.0,11.0,8.0,5.0,13.0,17.0,0.0,14.0,5.0,1029.12,43.6,447.52,70.61,86.87,294.69,5000.0,336.65999999999997,618.73,6000.0,0.0,675.73,880.92,0.5,1.0,1.0,1.0,2.0,1.0,1.0,1.0,1.0,1.0,0.0,1.0,0.5
CUST_0150,1020.93,29.03,357.42,579.65,96.13,5.86,645.27,46.38,58.44,126.76,13.53,30.64,54.24,441.5530769230769,54.961666666666666,359.89750000000004,535.75625,47.007999999999996,77.3675,1356.5608333333332,247.52,21.363333333333333,486.14399999999995,25.16090909090909,395.243,48.255,13.0,6.0,4.0,16.0,10.0,4.0,12.0,7.0,9.0,10.0,11.0,10.0,4.0,1964.61,152.5,972.96,2571.1,77.76,208.08,5159.79,390.57,37.89,1292.25,59.19,1343.3899999999999,121.33000000000001,1.0,0.5,1.0,2.0,1.0,1.0,1.0,0.5,1.0,1.0,1.0,0.5,1.0
CUST_0151,225.0,81.01,125.88,859.49,17.66,6.83,42.77,32.36,317.69,156.22,17.76,12.27,0.0,118.731875,65.556,240.15333333333334,1016.765,14.663333333333332,94.2675,72.91923076923078,296.425,202.5711111111111,1268.0344444444445,39.074,317.21999999999997,0.0,16.0,5.0,12.0,8.0,6.0,4.0,13.0,6.0,9.0,9.0,10.0,5.0,0.0,327.24,91.91,681.3,5000.0,26.58,141.11,193.01,983.21,463.55,3000.0,67.99,658.92,0.0,0.5,1.0,0.5,1.0,1.0,1.0,1.0,1.0,1.0,0.5,1.0,1.0,0.0
CUST_0152,719.77,56.53,910.47,377.15,14.49,9.72,45.09,72.87,9.34,4307.19,17.13,62.83,350.1,424.3633333333334,62.416999999999994,346.77888888888884,308.9426315789474,7.338333333333334,88.10166666666667,106.18,249.87875,8.38375,3000.0,25.671363636363637,286.3616666666667,316.40000000000003,9.0,10.0,9.0,19.0,6.0,6.0,9.0,8.0,8.0,4.0,22.0,6.0,3.0,1519.91,187.37,866.22,1047.69,12.51,266.85,275.25,333.59,17.11,6000.0,104.84,825.74,441.5,1.0,0.6680887372013652,0.5,0.5,1.0,1.0,1.0,0.5,0.5,1.0,1.0,1.0,1.0
CUST_0153,237.45,78.23,978.84,364.86,26.34,10.03,32.63,38.32,17.73,1908.97,15.06,90.78,691.26,403.68416666666667,147.77625,631.3218181818182,375.13647058823534,18.43,273.22499999999997,86.95,259.51874999999995,18.8,2331.435,17.46875,562.0266666666666,301.26599999999996,12.0,8.0,11.0,17.0,6.0,2.0,4.0,8.0,14.0,8.0,16.0,9.0,10.0,1116.3400000000001,562.82,1451.72,1605.38,50.31,317.53,100.79,755.28,50.95,6000.0,80.88,909.55,1170.91,1.0,0.5,0.5,0.5,1.0,1.0,0.5,1.0,1.0,1.0,1.4135922330097086,0.5,2.0
CUST_0154,1512.78,70.29,364.65,306.95,20.15,16.59,58.41,16.8,7.34,1405.8,19.52,35.36,29.35,614.283,54.588750000000005,349.03599999999994,1236.948,18.602857142857143,108.26529411764706,159.96333333333334,303.16,12.846,2597.2433333333333,38.681666666666665,227.58800000000002,24.7,10.0,8.0,10.0,5.0,7.0,17.0,3.0,3.0,5.0,6.0,12.0,10.0,6.0,2353.59,169.11,1000.0,3625.76,73.86,431.12,183.07,515.39,35.72,3000.0,133.63,800.0,43.379999999999995,1.0,2.0,1.0,1.0,0.5,0.5,1.0,1.0,0.5,1.0,1.0,0.5,1.0
CUST_0155,401.35,73.7,103.62,470.71,21.08,17.0,501.88,168.05,136.3,230.5,13.25,100.23,555.25,348.855,32.14,80.94749999999999,257.7125,31.822857142857142,99.45631578947369,802.2816666666666,358.59230769230766,156.47363636363636,290.08714285714285,41.123333333333335,304.8311111111111,561.5828571428572,2.0,10.0,8.0,16.0,14.0,19.0,18.0,13.0,11.0,7.0,15.0,9.0,14.0,442.82,70.5,373.71,928.23,117.94,293.15999999999997,5000.0,1000.0,443.65999999999997,320.96,127.38,627.29,2472.57,1.0,0.5,1.0,2.0,0.5,1.0,1.0,1.0,1.0,0.5,0.5,1.0,0.5
CUST_0156,371.08,121.38,224.29,0.0,12.01,86.27,217.2,5.42,8.79,2241.36,5.15,0.48,344.89,201.608,123.88166666666666,218.39916666666667,0.0,13.8095,136.58705882352942,403.15076923076924,148.515,9.955,2337.98125,12.8275,5.5520000000000005,345.53249999999997,5.0,6.0,12.0,0.0,20.0,17.0,13.0,4.0,2.0,16.0,4.0,5.0,4.0,579.02,358.02,622.44,0.0,56.87,399.53999999999996,1385.6399999999999,356.7,11.17,6000.0,15.52,8.13,981.75,1.0,1.0,0.6318646580479191,0.0,0.5,0.5,2.0,0.5,1.0,2.0,0.5,0.5,1.0
CUST_0157,389.57,48.13,55.45,40.4,18.55,15.8,28.49,75.67,9.08,145.95,4.17,0.0,1505.09,381.42499999999995,24.458571428571425,100.70000000000002,76.825,17.963333333333335,146.26916666666668,71.24333333333334,318.82153846153847,19.855,2121.7833333333333,9.320769230769232,0.0,626.66,2.0,7.0,13.0,6.0,6.0,12.0,9.0,13.0,4.0,6.0,13.0,0.0,2.0,405.9,57.15,561.77,129.53,34.72,392.53999999999996,186.11,718.81,39.32,6000.0,26.43,0.0,1207.26,1.0,1.0,0.5,1.0,1.0,0.5,1.0,1.0,0.5,1.0,1.0,0.0,1.0
CUST_0158,244.08,29.39,45.34,243.42,35.04,110.51,187.85,168.18,77.96,2007.17,9.74,37.09,997.36,188.851,16.279999999999998,46.028,250.23357142857142,16.956470588235295,112.28678571428573,814.8874999999999,465.276,60.281333333333336,3000.0,18.642857142857142,139.86714285714285,444.77375,10.0,9.0,5.0,14.0,17.0,28.0,12.0,10.0,15.0,2.0,14.0,7.0,16.0,917.6200000000001,55.75,98.8,1433.71,55.33,492.56000000000006,5000.0,728.1700000000001,350.24,3000.0,47.45,596.52,2066.05,1.0,1.0,1.0,1.0,0.5,0.5,0.5,1.0,0.5,1.0,1.0,0.5,1.0
CUST_0159,392.75,28.93,626.14,86.37,19.14,28.9,1122.78,113.7,618.54,5300.57,14.11,8.19,27.77,387.49666666666667,25.178571428571427,244.88636363636363,182.2166666666667,19.034,152.44809523809522,2827.4744444444445,470.55071428571426,270.92,2626.8141176470585,34.36,488.16,27.77,3.0,7.0,11.0,3.0,5.0,21.0,9.0,14.0,3.0,17.0,5.0,1.0,1.0,589.6,62.85,855.79,312.73,33.47,429.59,5000.0,1100.93,400.0,6000.0,54.61,488.16,27.77,1.0,0.5,2.0,1.0,1.0,0.5,0.5,0.5,1.0,2.0,1.0,0.5,1.0
CUST_0160,571.01,143.54,98.39,453.54,17.79,10.71,53.88,15.0,400.0,3433.56,10.43,32.38,261.62,600.585,98.25714285714287,167.14999999999998,694.6133333333333,30.111818181818183,61.80857142857143,138.14,295.7266666666667,400.0,2353.557894736842,23.39,182.46272727272728,239.57875,4.0,21.0,13.0,6.0,11.0,7.0,4.0,3.0,3.0,19.0,9.0,11.0,8.0,787.63,445.65000000000003,809.2900000000001,1884.15,112.91,156.2,194.41,305.15,400.0,9000.0,42.07,456.41,446.4,1.0,2.0,1.0,1.0,1.0,1.0,1.0,1.0,1.0,2.0,1.0,0.5,1.0
CUST_0161,1023.34,132.62,286.36,26.17,12.1,41.78,45.05,240.58,59.53,1878.12,6.56,58.9,271.78,745.533,65.59555555555556,269.755,54.8,25.125,106.36272727272727,95.29100000000001,473.0285714285714,21.325714285714287,2427.6580000000004,16.105,511.03266666666667,352.9057142857143,10.0,9.0,6.0,1.0,4.0,22.0,10.0,14.0,7.0,10.0,6.0,15.0,7.0,2087.1,340.96,583.92,54.8,46.13,510.16999999999996,179.47,2000.0,39.16,3000.0,29.2,1275.19,1119.11,1.6058861164427383,1.0,1.0,1.0,1.0,1.0,0.5,2.0,1.0,1.0,0.5,1.0,1.0
CUST_0162,78.13,180.21,139.23,115.68,82.39,26.2,64.64,66.18,392.74,1651.93,12.14,3.79,317.69,95.73636363636363,108.82181818181817,122.41999999999999,190.0441176470588,31.160869565217393,146.857,73.2575,298.7441666666667,227.71857142857144,2672.3607692307696,22.253999999999998,33.567142857142855,244.59750000000003,11.0,11.0,2.0,17.0,23.0,20.0,8.0,12.0,14.0,13.0,10.0,7.0,4.0,439.84,408.23,184.01,857.48,186.42,533.25,158.81,710.11,400.0,3000.0,98.71000000000001,100.93,639.19,0.5,1.0,1.0,1.0,1.0,0.672666495242993,0.5,1.0,2.0,0.5,1.0,0.5,1.0
CUST_0163,374.54,22.93,58.9,112.1,74.92,0.55,97.27,9.48,20.92,4585.42,2.5,11.08,312.66,313.80428571428575,24.592000000000002,51.833333333333336,206.93200000000002,32.809999999999995,15.07,411.98199999999997,258.245,18.905,2729.023333333333,6.3975,74.61111111111111,711.2766666666666,14.0,5.0,9.0,5.0,12.0,2.0,10.0,2.0,2.0,9.0,4.0,9.0,6.0,1604.73,39.65,84.84,395.39,122.86,15.64,1329.6,433.58,21.05,3000.0,6.9,126.53,2059.39,1.0,1.0,1.0,0.5,2.0,1.0,0.5,1.0,1.0,1.0,0.5,1.0070689655172413,1.0
CUST_0164,198.31,156.77,78.44,108.28,43.35,62.97,1072.52,17.39,72.18,145.04,0.0,29.13,395.91,221.04416666666668,97.88,158.548,176.17545454545456,19.273333333333333,141.36176470588236,2597.578571428571,315.64000000000004,99.25750000000001,288.415,0.0,300.06916666666666,346.95500000000004,12.0,5.0,5.0,11.0,15.0,17.0,7.0,3.0,8.0,2.0,0.0,12.0,10.0,618.08,255.51,386.63,372.33,44.01,540.98,5000.0,454.31,387.62,361.1,0.0,632.01,1118.2,1.0,1.0,1.0,0.5,0.5,0.5849306862912887,0.5,1.0,1.0,1.0,0.0,2.0,1.0
CUST_0165,238.11,15.98,51.97,100.12,30.22,9.2,756.61,40.98,27.57,813.24,19.17,67.95,271.26,182.803,18.346,49.245000000000005,197.515,20.643333333333334,62.50625,2395.2279166666667,314.0157142857143,16.955714285714286,2545.657,44.9025,592.6428571428571,194.35399999999998,10.0,10.0,2.0,2.0,6.0,8.0,24.0,7.0,7.0,10.0,8.0,7.0,10.0,601.94,45.89,66.4,212.18,25.2,112.99,7576.48,743.03,59.910000000000004,3000.0,80.0,800.0,615.7,1.0,0.5,1.0,1.0,1.0,1.0,2.0,1.0,1.0,0.9247958347649127,1.0,1.0,1.0
CUST_0166,225.93,15.11,128.96,325.42,4.02,12.71,49.71,29.98,6.33,264.48,12.21,11.29,446.58,236.657,30.410833333333333,177.697,152.614375,4.246,127.73454545454547,141.33666666666667,253.04285714285714,5.371111111111111,1813.9199999999998,27.77375,25.68846153846154,443.80384615384617,10.0,12.0,10.0,16.0,5.0,11.0,3.0,7.0,9.0,13.0,8.0,13.0,13.0,666.92,94.54,732.5,767.57,5.39,324.49,198.44,393.97,12.09,6000.0,68.5,95.23,2004.39,0.5,0.5,1.0,0.5,0.5,0.5,1.0,1.0,1.0,0.5,0.5,0.5,0.5
CUST_0167,276.54,197.8,254.57,413.56,70.65,5.56,13.48,7.35,124.7,359.24,14.37,2.35,426.21,120.36600000000001,62.82571428571429,261.78,295.0911111111111,43.66,76.11250000000001,39.31,133.46666666666667,132.91294117647058,331.025,35.388,71.845,905.9766666666668,10.0,14.0,2.0,9.0,15.0,4.0,1.0,3.0,17.0,10.0,5.0,2.0,6.0,446.67,261.91,283.78,929.73,137.12,83.4,39.31,171.68,423.03999999999996,1206.51,53.88,85.72,1862.44,1.0,1.0,1.0,2.0,0.5632072421597155,1.0,1.0,0.5,0.5,0.5,1.0,1.0,1.0
CUST_0168,232.01,152.5,116.6,161.94,20.97,2.22,1155.66,78.71,168.02,199.81,5.24,37.12,0.0,432.96000000000004,94.78055555555555,102.85166666666667,272.42833333333334,18.897142857142857,120.96,1700.9914285714287,606.4385714285714,64.8275,300.2833333333333,25.213333333333335,152.87,0.0,12.0,18.0,6.0,6.0,14.0,1.0,14.0,7.0,16.0,6.0,6.0,8.0,0.0,1294.38,426.11,318.85,594.32,48.72,120.96,5000.0,1574.65,426.9,652.56,59.25,573.3,0.0,0.5,1.0,1.0,1.0,0.5,1.0,0.5,1.0,0.5,1.0,1.0,1.0,0.0
CUST_0169,443.13,76.96,167.63,546.85,22.49,8.93,538.16,77.12,200.3,150.71,2.98,17.53,45.82,490.34166666666664,97.33444444444444,174.45,209.55352941176469,18.213,44.974545454545456,1074.225,381.4381818181818,172.0988888888889,251.58,7.365,217.596,97.50833333333333,6.0,9.0,5.0,17.0,10.0,11.0,8.0,11.0,9.0,1.0,4.0,5.0,6.0,1286.35,238.75,366.91,1349.44,52.04,102.89,4146.63,1057.96,400.0,251.58,8.16,446.95,177.38,0.5,1.0,1.0,1.0,1.0,1.5157964019306716,1.0,1.0,1.0,0.5,0.5,0.5,0.5
CUST_0170,351.51,87.13,195.5,381.05,3.3,1.72,1057.98,70.1,194.4,190.17,6.98,27.61,1088.88,317.43823529411765,84.87,92.70714285714287,359.819,5.821428571428571,46.985,1854.4889473684211,418.57222222222225,249.7757142857143,797.9145454545454,16.842727272727274,196.40277777777777,387.0142857142858,17.0,3.0,7.0,10.0,14.0,2.0,19.0,9.0,14.0,11.0,11.0,18.0,7.0,1176.83,87.75,166.32,868.06,14.32,49.51,5000.0,1000.0,668.12,3000.0,49.22,565.4,1205.97,1.0,1.0,0.5,1.0,0.5,0.5,1.0,1.0,0.5,0.5,0.5,0.5,1.0
CUST_0171,292.86,21.15,314.85,106.7,16.85,0.0,329.1,61.55,58.92,323.78,10.63,84.12,1293.38,261.85949999999997,14.7,305.308,221.27666666666667,35.59,0.0,751.54,475.1028571428571,169.7675,540.49,21.26777777777778,258.7338095238095,516.6090476190477,20.0,11.0,5.0,12.0,6.0,0.0,9.0,7.0,8.0,1.0,9.0,21.0,21.0,1923.1,56.59,377.39,1337.0,72.29,0.0,3108.6800000000003,972.98,400.0,540.49,64.47,1261.75,2801.65,1.0,1.0,1.0,1.0,1.0,0.0,1.0,1.0,0.5,1.0,1.0,0.5,1.0
CUST_0172,415.16,23.22,85.94,122.31,20.98,5.94,26.83,11.63,283.38,148.38,7.89,13.84,343.86,449.84142857142854,18.688333333333333,84.72375,141.17625,19.121176470588235,71.81333333333333,69.75750000000001,210.73833333333334,264.43142857142857,245.14714285714285,13.974,68.18923076923078,292.68857142857144,7.0,6.0,8.0,16.0,17.0,9.0,4.0,6.0,7.0,7.0,5.0,13.0,7.0,1645.12,38.89,135.19,348.73,100.09,199.61,155.96,561.85,426.31,551.09,28.46,256.95,919.49,1.0,0.5,1.0,2.0,1.0,1.0,1.0,1.0,1.0,1.0,0.5,1.0,1.0
CUST_0173,191.83,41.55,15.29,55.5,3.56,18.99,989.14,51.47,85.3,4066.57,6.19,7.06,358.96,153.07666666666668,60.836,14.882,80.70583333333333,3.658333333333333,131.980625,1732.300588235294,705.5,39.96235294117647,2015.2,12.527500000000002,56.19285714285714,363.915,3.0,5.0,5.0,12.0,6.0,16.0,17.0,4.0,17.0,3.0,12.0,7.0,12.0,200.37,196.9,36.86,172.0,4.76,448.80999999999995,6129.16,948.4,146.56,3000.0,28.73,134.18,949.32,1.0,0.5,0.5,1.0,1.0,1.0,0.5,1.0,2.0,2.0,1.0,1.0,1.0
CUST_0174,100.88,95.49,267.42,82.8,15.43,13.26,18.74,38.52,267.69,1611.88,22.52,32.5,540.58,116.48666666666668,91.15625,265.19875,91.57181818181817,12.620666666666667,242.42333333333332,54.65,269.1230769230769,273.59,2263.9992307692305,25.353749999999998,87.72200000000001,258.40333333333336,3.0,16.0,8.0,11.0,15.0,3.0,1.0,13.0,3.0,13.0,8.0,10.0,9.0,297.62,366.91999999999996,619.21,362.83000000000004,43.19,315.35,54.65,433.52,400.0,3285.33,39.32,313.69,716.08,1.0,1.0,1.0,1.0,2.0,0.5,1.0,0.5,1.0,1.0,1.0,0.5,2.0
CUST_0175,633.85,191.68,247.99,20.9,43.05,2.17,37.44,29.52,8.67,1699.15,3.79,3.42,592.24,544.3905882352941,117.39555555555555,211.29000000000002,35.836,43.815000000000005,29.6575,152.06428571428572,229.57,7.206666666666667,2191.425,11.353333333333333,45.142,524.0533333333333,17.0,9.0,4.0,5.0,2.0,4.0,14.0,7.0,6.0,4.0,9.0,5.0,3.0,1975.09,500.0,511.29,63.71,81.9,33.9,319.85,427.34,19.4,3000.0,24.990000000000002,137.02,827.95,0.5,0.5,0.5,1.0,1.0,1.0,0.5,1.0,0.5,1.0,0.7392712550607289,1.0,1.0
CUST_0176,404.98,132.54,360.9,181.71,42.38,108.1,836.81,44.3,287.66,740.29,3.69,4.64,947.73,469.5385714285714,66.71076923076923,243.6475,366.16769230769233,34.17,128.2917391304348,1953.8662499999998,272.2488888888889,346.20285714285717,1045.8358333333333,12.052000000000001,38.81142857142857,822.90375,7.0,13.0,16.0,13.0,6.0,23.0,8.0,9.0,7.0,12.0,10.0,7.0,8.0,1101.18,568.29,643.64,1126.54,97.42,441.8,5000.0,473.61,400.0,5940.8099999999995,21.21,70.06,1512.96,0.5,1.0,0.5,1.0,1.0,0.5,1.0,1.0,1.0,1.0,0.6754385964912281,1.0,0.5
CUST_0177,263.59,129.84,83.63,342.17,26.35,14.63,80.75,96.51,0.0,450.77,3.38,0.95,79.54,294.10857142857145,109.21999999999998,84.25800000000001,576.6054545454546,24.915555555555557,115.06857142857143,207.86166666666668,469.8536363636364,0.0,743.615,8.128,15.32375,136.32500000000002,7.0,3.0,5.0,11.0,9.0,7.0,6.0,11.0,0.0,2.0,5.0,8.0,6.0,660.87,236.27,108.15,1601.1,66.56,228.69,267.08,1666.33,0.0,937.11,10.42,74.1,363.58,1.0,1.0,1.0,0.6919824014352227,0.5,1.0,1.0,1.0,0.0,1.0,1.0,0.5039619651347069,1.0
CUST_0178,780.14,24.88,392.34,131.7,31.02,14.14,192.83,0.0,97.43,0.0,13.14,60.67,211.81,312.6547368421053,22.529,171.54714285714286,160.05599999999998,28.92611111111111,76.968,711.8405263157895,0.0,117.38181818181819,0.0,31.635714285714283,248.31875,178.42666666666665,19.0,10.0,7.0,5.0,18.0,5.0,19.0,0.0,11.0,0.0,7.0,8.0,6.0,923.98,67.57,810.88,297.46,131.41000000000003,142.53,4926.71,0.0,400.0,0.0,120.94,1089.17,420.69,0.5,0.5,2.0,1.0,1.0,1.0,1.0,0.0,1.0,0.0,1.0,2.0,0.5
CUST_0179,575.62,99.87,105.94,660.09,11.35,5.58,13.31,41.47,110.02,447.11,21.91,12.79,293.64,418.34666666666664,74.05375,106.25454545454545,720.4714285714284,10.614285714285714,61.938,38.16,568.415,291.1907692307692,1207.446,37.78846153846154,52.12888888888889,289.1221052631579,3.0,8.0,11.0,7.0,7.0,5.0,2.0,4.0,13.0,5.0,13.0,9.0,19.0,844.24,178.14,405.0,2052.17,23.56,97.5,39.9,846.48,800.0,3000.0,72.63,102.41,1448.74,0.5,1.0,1.0,2.0,1.0,1.0,0.5,1.0,0.5,1.0,0.5,1.0,1.0
CUST_0180,779.59,4.39,361.93,1297.78,0.0,27.27,35.42,62.15,33.42,229.84,5.15,25.46,445.4,324.7581818181818,10.270000000000001,324.6092857142857,1336.7942857142857,0.0,91.9625,65.92999999999999,282.4069230769231,16.19818181818182,264.108,14.44,117.97769230769231,483.1842857142857,11.0,4.0,14.0,7.0,0.0,16.0,10.0,13.0,11.0,5.0,1.0,13.0,7.0,983.82,17.1,1000.0,2500.0,0.0,283.32,168.59,724.17,42.74,579.59,14.44,445.44,1240.55,0.5,1.0,0.5,2.0,0.0,0.5,1.0,0.9344816906106307,1.0,1.0,1.0,0.5,0.5
CUST_0181,413.92,18.22,129.0,70.15,30.08,19.21,37.9,51.85,374.44,2333.92,2.18,1.6,359.45,417.87083333333334,49.57750000000001,113.81583333333333,175.59307692307692,31.17,175.82833333333335,74.19,396.1442857142857,342.835,2490.373,11.27,21.75,353.7075,12.0,12.0,24.0,13.0,4.0,6.0,8.0,7.0,8.0,10.0,2.0,4.0,4.0,3454.12,182.29000000000002,492.95,461.56,74.63,340.3,132.42,790.5799999999999,400.0,6000.0,14.59,40.81,915.65,1.0,0.5,1.0,0.5,1.0,0.5,0.5,0.5,1.0,1.0,1.0,1.0,1.0
CUST_0182,348.7,77.42,357.45,144.61,14.31,7.32,586.23,37.67,339.03,517.13,14.81,53.16,873.13,376.7683333333334,41.292857142857144,344.4883333333333,366.17615384615385,13.37,57.77285714285715,1735.7669230769231,196.517,263.40250000000003,1779.3163636363636,24.616923076923076,263.59909090909093,797.0899999999999,6.0,14.0,6.0,13.0,10.0,7.0,13.0,10.0,4.0,11.0,13.0,11.0,5.0,1258.34,93.75,984.81,1672.45,32.54,163.96,5000.0,498.68,400.0,3595.18,80.0,722.44,1460.79,1.0,1.0,1.0,0.7139450986896667,1.0,1.0,1.0,0.5,1.0,1.0,1.0,1.0,0.5
CUST_0183,829.48,153.69,219.82,500.45,2.33,2.15,98.15,110.5,4.38,393.91,20.04,8.12,598.47,348.480625,93.15,204.355,303.90833333333336,2.635,39.21333333333333,395.07272727272726,338.6677777777778,4.623333333333334,644.8325,41.80285714285714,105.4775,559.46,16.0,11.0,16.0,12.0,2.0,3.0,11.0,9.0,3.0,4.0,7.0,4.0,6.0,1100.2,265.69,707.15,913.53,3.28,42.26,2452.67,705.12,4.94,1795.98,69.3,286.3,1509.94,1.2301098550055902,1.0,0.5,2.0,1.0,0.5,1.0,1.0,1.0,1.0,1.0,0.5,1.0
CUST_0184,305.51,24.97,588.07,144.15,65.58,12.01,535.1,71.7,5.81,2108.54,9.51,3.63,121.82,446.08,23.603333333333335,252.30777777777777,266.96888888888884,29.549130434782608,122.11857142857141,1108.57,396.341,9.437000000000001,2241.5214285714287,26.74,73.29666666666667,276.7153333333333,3.0,3.0,9.0,9.0,23.0,7.0,6.0,10.0,10.0,7.0,2.0,3.0,15.0,1193.8,30.97,666.57,799.59,110.94,236.45,5000.0,795.44,22.36,3000.0,43.94,80.57,945.29,1.0,1.0,1.0,1.0,1.4828209764918623,1.0,1.0,1.0,1.0,0.5,1.0,1.0,1.0
CUST_0185,269.61,24.54,77.46,725.82,39.54,20.86,46.5,67.42,19.23,1530.24,10.9,9.92,147.78,506.32785714285717,15.855714285714287,72.68875,406.31055555555554,30.98,129.9329411764706,167.32555555555555,464.24625000000003,17.605,2277.5075,20.675,79.33,206.454,14.0,7.0,8.0,18.0,5.0,17.0,9.0,8.0,2.0,4.0,14.0,7.0,10.0,2883.0099999999998,40.42,192.58,1155.38,53.52,500.0,567.38,533.58,19.28,3000.0,66.71000000000001,302.2,553.61,1.0,1.0,0.5,2.0,1.0,0.5287046831426099,1.0,1.011863299956465,1.0,0.5,0.5,0.5,0.5
CUST_0186,64.52,150.49,73.48,101.59,14.82,19.47,36.89,5.32,120.97,614.52,21.42,10.97,905.14,55.093333333333334,98.23875,108.41499999999999,122.50999999999999,11.422307692307694,153.69714285714286,77.41166666666668,143.995,129.846,1055.6733333333332,46.022000000000006,99.62785714285714,438.812,3.0,8.0,14.0,6.0,13.0,7.0,6.0,2.0,15.0,18.0,10.0,14.0,5.0,88.74,352.77,405.03,346.53,59.47,274.86,128.28,172.23,417.4,3000.0,136.09,587.49,1176.0900000000001,1.0,1.0,1.0,1.0,1.0,1.0,1.0,1.0,2.0,1.0,2.0,0.5,2.0
CUST_0187,603.37,118.35,45.97,96.34,19.68,16.84,1714.97,160.78,21.0,1742.1,3.05,26.32,14.09,448.78,51.78,32.11,201.76,37.71727272727273,186.578,5000.0,463.608947368421,17.496363636363636,1991.1707142857142,11.38764705882353,214.8542857142857,13.76,6.0,8.0,6.0,1.0,11.0,5.0,1.0,19.0,11.0,14.0,17.0,7.0,2.0,769.95,206.87,70.48,201.76,128.04,328.87,5000.0,1556.8,47.1,4312.3099999999995,24.25,687.96,14.62,1.0,1.0,0.5,1.0,1.0,1.0,0.5,1.7013359944605109,1.0,1.0,1.0,1.0,1.0
CUST_0188,306.15,42.46,243.07,245.09,25.32,27.22,92.32,9.8,56.08,817.66,14.85,19.7,802.77,134.71300000000002,67.50500000000001,156.45818181818183,792.4516666666667,24.636,166.3022222222222,373.4092857142858,266.055,201.4446153846154,1364.92,31.70307692307692,156.97750000000002,624.804,10.0,10.0,11.0,6.0,10.0,9.0,14.0,2.0,13.0,1.0,13.0,8.0,5.0,420.61,247.56,371.33,1961.32,79.44,280.5,2035.16,304.0,428.01,1364.92,156.78,703.2,1459.71,2.0,0.5,1.0,1.0,0.5,1.0,0.5,1.0,0.5,1.0,1.0,1.0,1.0
CUST_0189,325.43,26.19,272.93,417.86,26.79,36.77,829.91,86.34,18.54,2204.26,7.82,11.23,1955.97,672.6877777777778,34.92666666666667,243.52142857142857,917.848,26.435454545454547,112.56777777777778,1757.24625,503.26125,18.54,2024.5900000000001,12.856,61.50739130434783,851.7047058823529,9.0,3.0,7.0,5.0,11.0,9.0,8.0,16.0,1.0,6.0,5.0,23.0,17.0,1013.08,64.91,892.9000000000001,1989.61,49.13,254.13,5000.0,1168.91,18.54,3000.0,15.23,493.05,2000.0,0.5,1.0,0.5,1.0,1.0,1.0,2.0,0.5943297687142501,0.5,1.0,1.0,1.0,0.5
CUST_0190,47.28,213.2,199.93,97.4,26.38,10.44,731.68,105.14,287.53,4527.27,6.09,8.26,40.25,74.18666666666667,199.46428571428572,201.376,166.2372727272727,32.55428571428571,56.738000000000014,1379.9908333333333,602.2911111111111,207.75,2427.652222222222,13.111666666666666,251.405,40.25,6.0,7.0,5.0,11.0,7.0,5.0,12.0,9.0,7.0,9.0,24.0,2.0,1.0,180.8,393.65,433.55,391.1,127.35,135.28,5000.0,1167.3799999999999,400.0,3000.0,29.339999999999996,494.49,40.25,1.0,1.0,1.0,0.5,1.0,1.0,1.0,1.0,1.0,1.0,1.1554770318021201,1.0,1.0
CUST_0191,985.88,59.73,210.45,212.02,63.42,1.74,953.48,307.91,359.73,1172.45,0.0,138.64,87.15,464.51,24.999565217391304,152.65,238.9127777777778,40.1475,19.18,1993.6059999999998,555.5636842105263,155.51416666666668,2846.8561538461536,0.0,175.6840909090909,185.7372727272727,9.0,23.0,5.0,18.0,4.0,5.0,5.0,19.0,12.0,13.0,0.0,22.0,11.0,877.96,99.54,427.29,1334.04,52.94,37.05,3836.17,1683.1100000000001,400.0,9000.0,0.0,574.24,551.6,2.0,1.0,1.0,1.0,0.5,0.5,0.5,1.0,1.0,1.0,0.0,0.5,1.0
CUST_0192,127.96,0.0,122.27,223.13,89.24,15.75,929.39,82.75,11.12,744.6,6.96,9.03,435.08,119.577,0.0,95.84529411764706,453.172,46.05166666666667,145.66166666666666,1594.9592307692308,503.86199999999997,10.685,2559.1030769230765,30.534285714285716,76.58571428571429,503.8076470588235,10.0,0.0,17.0,5.0,12.0,6.0,13.0,10.0,2.0,13.0,7.0,7.0,17.0,291.14,0.0,480.14,703.86,177.55,366.35,4936.83,884.45,11.23,6000.0,75.35000000000001,90.1,1950.38,0.5,0.0,1.0,1.0,2.0,1.0,0.5,1.0,1.0,0.5,1.0,0.5,0.5
CUST_0193,899.1,11.52,289.65,46.64,24.24,6.42,59.8,16.39,135.46,2007.17,5.91,84.98,211.11,585.0385714285715,23.725714285714286,281.05846153846153,224.82142857142858,25.25777777777778,119.235,166.09333333333333,359.964,78.30583333333333,3000.0,16.58,309.2825,570.3633333333333,7.0,7.0,13.0,7.0,9.0,6.0,3.0,5.0,12.0,2.0,1.0,8.0,6.0,964.78,44.14,685.27,447.39,67.65,231.6,195.37,720.0,400.0,3000.0,16.58,805.6800000000001,943.67,1.0,0.5,1.0,1.0,1.0,1.0,1.0,0.5,1.0,1.0,1.0,1.0,0.5
CUST_0194,526.77,235.42,334.0,254.63,25.06,4.51,348.44,64.58,219.55,1042.15,14.25,17.65,516.1,551.5008333333334,62.81625,161.39363636363635,253.5583333333333,25.852999999999998,49.766000000000005,631.743076923077,409.671,141.65875,1184.8128571428572,39.410000000000004,177.01230769230767,362.7622222222222,12.0,8.0,11.0,6.0,10.0,5.0,13.0,10.0,16.0,7.0,2.0,13.0,9.0,1897.45,167.26,442.05,507.13,86.35,60.35,3441.79,1082.03,759.8299999999999,2530.73,67.9,737.0,1424.74,1.0,1.0,0.5,0.5,1.0,0.5,0.5,0.5,1.0,1.0,1.0,1.0,1.0
CUST_0195,1404.04,95.93,231.1,320.6,39.9,22.13,1270.8,223.4,396.22,1866.04,11.01,3.9,485.24,1533.5045454545455,41.38,161.42545454545456,361.5628571428571,38.351875,55.82545454545454,2797.31875,443.94,389.9216666666666,2672.33,24.04111111111111,30.7475,423.16625,11.0,12.0,11.0,7.0,16.0,11.0,8.0,14.0,6.0,17.0,9.0,8.0,8.0,4112.0599999999995,84.89,539.23,850.48,95.9,102.88,6197.85,1000.0,400.0,12000.0,41.56,62.53,1184.54,1.0,1.0,1.0,1.0,1.0,0.618032786885246,1.0,0.5,0.5,0.5,0.5,0.5,0.5
CUST_0196,623.15,276.43,340.91,20.61,17.12,10.18,1842.51,32.91,31.97,603.37,6.08,7.27,388.81,453.07750000000004,291.505,159.54000000000002,43.16,9.581428571428571,92.795,1446.5270588235294,256.62142857142857,26.426,1173.0114285714285,14.08,48.83222222222222,325.7055555555556,12.0,4.0,10.0,1.0,7.0,6.0,17.0,7.0,10.0,7.0,8.0,9.0,9.0,2013.51,331.97,581.21,43.16,22.119999999999997,262.93,5063.67,675.34,134.25,3017.1400000000003,28.83,189.54,1323.89,0.5,0.5,1.0,1.0,1.0,1.0,0.5,1.0,0.5,1.0,0.5,2.0,0.5
CUST_0197,735.83,412.74,366.19,1226.41,39.09,22.51,24.49,46.07,15.68,269.25,13.42,6.94,0.0,404.74,130.804,378.72249999999997,703.76625,32.97846153846154,139.4622222222222,65.386,254.882,15.512857142857143,1640.3841666666667,33.156,56.69142857142857,0.0,12.0,10.0,4.0,8.0,13.0,9.0,5.0,10.0,7.0,12.0,5.0,7.0,0.0,2279.43,588.91,869.53,2500.0,69.52,453.53,134.31,707.84,18.69,5536.35,35.99,140.48,0.0,2.0,1.0,1.0,2.0,1.0,1.0,1.0,1.0,0.5,1.0,1.0,1.0,0.0
CUST_0198,347.28,50.47,232.01,45.72,18.3,44.68,29.9,30.86,15.65,2117.11,22.2,59.96,523.03,313.1714285714285,54.087,170.418,148.90384615384616,17.257272727272728,410.7683333333334,83.37,212.74875,27.015,3000.0,50.373333333333335,344.87,424.6666666666667,14.0,10.0,5.0,13.0,11.0,6.0,2.0,8.0,6.0,3.0,9.0,10.0,6.0,1064.01,144.66,542.45,443.75,85.23,500.0,96.72,291.93,56.97,3000.0,80.0,748.82,1304.98,0.5,0.5,1.0,1.0,1.0,1.0,1.0,1.0,1.0,1.0,1.0,1.0,1.0
CUST_0199,841.54,83.89,15.56,159.19,74.98,20.07,31.44,47.55,4.54,790.46,3.91,5.51,19.54,646.62,79.69,24.116666666666664,285.87437500000004,47.050000000000004,88.25,66.59200000000001,418.8925,4.5600000000000005,2332.2775,9.17,61.008333333333326,19.54,15.0,4.0,3.0,16.0,12.0,12.0,10.0,8.0,2.0,8.0,7.0,6.0,1.0,2948.82,99.28,28.73,2660.59,210.73000000000002,281.27,171.23,747.38,4.58,3628.21,11.12,145.78,19.54,0.5,1.0,1.0,0.5,0.5,1.0,1.0,1.0,1.0,0.5,0.5,1.0,1.0
CUST_0200,677.09,33.09,289.53,395.52,106.92,20.56,1184.41,22.43,190.98,2285.86,42.14,5.59,0.0,897.2766666666666,85.33666666666666,287.481,426.6,39.89576923076923,66.00882352941177,2255.0550000000003,309.2675,208.53666666666666,2879.6510000000003,37.44133333333333,27.46153846153846,0.0,6.0,6.0,10.0,4.0,26.0,17.0,4.0,4.0,3.0,10.0,15.0,13.0,0.0,1984.86,285.06,552.89,1203.63,207.98000000000002,199.82999999999998,4243.23,445.37,278.37,6000.0,80.0,104.03,0.0,0.5,0.8430555555555556,1.0,1.0,0.5,1.0,1.0,0.5,0.5,0.5,2.0,0.5,0.0
